id,user_id,poids,prix,date,heure,jour_semaine,is_fraud
522,USR_6411,94.11,246.25,2026-07-06,18,0,0
738,USR_8452,98.36,148.21,2025-10-30,20,3,0
741,USR_9733,12.35,16.88,2025-08-01,14,4,0
661,USR_9328,120.75,252.02,2026-05-16,19,5,0
412,USR_9085,87.94,150.59,2026-02-14,6,5,0
679,USR_7093,115.41,155.23,2025-11-06,18,3,0
627,USR_5651,109.8,314.02,2025-09-12,16,4,0
514,USR_3062,157.73,154.74,2026-05-29,11,4,0
860,USR_4937,40.94,122.23,2025-10-01,13,2,0
137,USR_8261,118.21,199.9,2025-11-03,8,0,0
812,USR_5651,150.81,323.38,2025-09-06,6,5,0
77,USR_7486,123.43,270.55,2026-01-20,16,1,0
637,USR_4840,170.49,87.88,2026-04-16,18,3,0
974,USR_2962,111.6,270.98,2026-04-11,12,5,0
939,USR_5035,168.19,379.22,2025-11-10,8,0,0
900,USR_1482,31.16,76.9,2026-05-04,16,0,0
281,USR_9043,74.74,126.09,2026-04-04,7,5,0
884,USR_9814,38.99,89.84,2026-06-09,16,1,0
762,USR_6485,137.39,245.7,2025-10-05,14,6,0
320,USR_2832,81.09,149.31,2025-10-13,11,0,0
550,USR_1884,194.63,365.88,2026-03-07,14,5,0
175,USR_1684,141.8,144.09,2025-10-03,10,4,0
372,USR_5671,47.37,102.7,2025-11-14,13,4,0
528,USR_7915,148.75,299.19,2025-08-18,8,0,0
211,USR_5108,17.14,28.37,2026-02-03,12,1,0
236,USR_8651,166.24,152.12,2025-10-30,19,3,0
102,USR_3020,122.96,317.66,2026-05-02,14,5,0
987,USR_6545,120.12,67.17,2025-11-30,19,6,0
903,USR_2001,166.32,362.82,2026-04-19,17,6,0
948,USR_5174,33.28,92.26,2026-04-11,13,5,0
347,USR_8089,17.01,47.64,2026-01-15,11,3,0
140,USR_1107,53.82,133.79,2025-10-19,11,6,0
622,USR_3750,72.06,164.86,2025-12-29,16,0,0
500,USR_9885,103.38,167.9,2026-01-15,8,3,0
371,USR_7687,76.94,146.99,2025-11-20,7,3,0
199,USR_2117,141.9,268.63,2025-12-17,16,2,0
688,USR_2576,99.68,200.83,2025-12-07,6,6,0
585,USR_8554,112.12,155.36,2025-09-08,17,0,0
902,USR_8386,188.96,180.08,2025-09-06,6,5,0
60,USR_7645,195.87,256.63,2026-05-13,12,2,0
329,USR_1617,21.98,63.94,2025-09-29,12,0,0
97,USR_6633,58.37,68.84,2026-05-05,7,1,0
313,USR_9383,171.59,264.11,2025-12-06,15,5,0
975,USR_8527,188.09,154.2,2026-04-15,9,2,0
300,USR_9112,169.19,93.5,2026-05-13,17,2,0
278,USR_4333,94.38,168.99,2025-10-13,9,0,0
925,USR_2625,23.5,35.3,2025-09-12,10,4,0
602,USR_5366,136.59,358.16,2025-10-13,15,0,0
440,USR_2779,55.33,135.26,2026-04-03,10,4,0
838,USR_4551,40.82,44.58,2026-01-15,17,3,0
571,USR_9761,82.05,152.59,2026-04-29,8,2,0
880,USR_6962,135.64,187.23,2026-04-13,16,0,0
262,USR_3548,13.07,22.31,2025-09-07,11,6,0
579,USR_1181,23.65,35.76,2026-02-12,14,3,0
24,USR_7084,1371.02,9417.7,2025-07-13,23,6,1
31,USR_8713,4059.33,80771.82,2026-02-02,23,0,1
618,USR_5599,170.77,350.9,2025-08-25,16,0,0
11,USR_7610,2270.47,16947.29,2025-10-23,2,3,1
222,USR_6806,199.87,146.16,2025-07-11,17,4,0
821,USR_1012,119.29,60.24,2026-04-12,6,6,0
297,USR_4024,177.49,288.34,2025-10-19,12,6,0
55,USR_2066,145.17,358.71,2026-03-27,14,4,0
543,USR_5117,151.36,291.91,2025-12-03,17,2,0
210,USR_2057,17.86,52.03,2025-12-21,13,6,0
605,USR_6593,11.14,10.52,2025-10-03,14,4,0
693,USR_6850,51.74,29.15,2026-01-18,16,6,0
663,USR_9086,88.87,154.01,2026-06-17,9,2,0
867,USR_8291,155.39,341.28,2026-05-03,18,6,0
71,USR_1867,11.0,23.56,2026-02-26,16,3,0
544,USR_5650,53.92,160.66,2025-08-30,20,5,0
108,USR_9889,64.48,65.75,2026-01-22,11,3,0
494,USR_3223,13.39,22.79,2025-09-13,17,5,0
591,USR_5794,81.74,49.36,2025-10-22,7,2,0
742,USR_3302,24.85,51.73,2025-07-15,17,1,0
293,USR_8579,46.07,33.68,2026-05-20,14,2,0
290,USR_9294,91.91,246.85,2025-12-21,18,6,0
653,USR_4714,113.84,113.48,2025-07-22,10,1,0
40,USR_8251,1138.19,13781.6,2025-10-16,4,3,1
590,USR_2134,153.35,298.03,2026-03-22,15,6,0
308,USR_5097,116.1,218.59,2026-05-24,16,6,0
680,USR_8603,127.97,119.15,2026-01-26,20,0,0
67,USR_1426,99.59,289.76,2026-01-28,11,2,0
276,USR_1769,156.27,241.48,2026-07-07,10,1,0
68,USR_9965,77.95,42.89,2026-01-16,20,4,0
319,USR_1006,57.72,139.15,2026-01-19,17,0,0
549,USR_6373,75.47,138.29,2026-06-01,17,0,0
999,USR_8869,141.91,331.34,2026-02-21,8,5,0
715,USR_2164,175.87,474.08,2025-07-20,11,6,0
754,USR_4949,86.8,159.21,2026-05-27,7,2,0
328,USR_4566,13.88,26.17,2026-02-13,20,4,0
383,USR_6151,154.65,104.96,2026-02-12,20,3,0
452,USR_7579,180.19,329.45,2025-12-23,19,1,0
523,USR_7617,51.38,137.43,2026-01-14,13,2,0
219,USR_9630,191.34,518.11,2026-06-25,12,3,0
788,USR_1828,93.01,232.05,2026-05-18,6,0,0
437,USR_8523,131.25,157.1,2025-07-17,17,3,0
765,USR_5534,61.26,119.96,2026-04-16,14,3,0
89,USR_1690,164.74,110.93,2025-07-26,7,5,0
64,USR_7011,52.91,27.69,2026-05-07,10,3,0
827,USR_2341,24.4,41.7,2025-12-15,16,0,0
717,USR_1142,107.95,161.65,2025-12-13,8,5,0
352,USR_9285,172.62,358.57,2026-06-12,16,4,0
937,USR_6250,45.69,51.65,2026-06-19,8,4,0
257,USR_5905,87.75,157.78,2026-04-02,15,3,0
636,USR_3035,131.62,215.45,2026-05-11,17,0,0
645,USR_9505,39.9,21.82,2026-04-12,8,6,0
555,USR_2835,128.49,64.77,2025-07-11,17,4,0
960,USR_2496,27.96,75.77,2026-04-21,6,1,0
169,USR_5515,29.69,75.08,2026-03-18,19,2,0
918,USR_9836,180.59,489.4,2025-09-04,8,3,0
529,USR_9536,145.46,178.65,2025-11-01,19,5,0
824,USR_4055,59.59,88.14,2026-03-03,19,1,0
986,USR_9842,58.08,138.03,2025-08-21,13,3,0
817,USR_4836,115.64,128.5,2026-02-17,7,1,0
87,USR_6079,164.68,221.44,2026-07-08,18,2,0
433,USR_5581,85.93,234.06,2026-02-10,13,1,0
185,USR_8523,83.3,245.51,2026-06-24,20,2,0
979,USR_2468,103.09,301.05,2025-09-19,20,4,0
535,USR_4291,122.1,282.2,2026-01-19,19,0,0
295,USR_1230,64.41,72.94,2025-12-28,15,6,0
893,USR_2500,84.31,248.06,2025-12-01,6,0,0
426,USR_5865,50.37,37.67,2025-08-05,14,1,0
714,USR_6320,118.17,63.82,2026-04-03,19,4,0
261,USR_9296,25.59,61.38,2025-09-12,19,4,0
238,USR_9091,115.54,325.26,2026-07-06,15,0,0
560,USR_1708,90.36,189.99,2025-10-01,19,2,0
584,USR_9925,55.69,162.01,2025-07-12,12,5,0
446,USR_1838,66.1,37.25,2025-09-07,14,6,0
868,USR_5205,90.31,214.71,2026-04-28,13,1,0
801,USR_6672,175.14,366.38,2026-03-07,7,5,0
600,USR_2831,182.1,495.41,2025-08-26,11,1,0
850,USR_8503,192.76,319.57,2025-12-03,17,2,0
266,USR_6494,108.81,118.14,2026-04-30,7,3,0
996,USR_6332,42.98,33.72,2025-10-02,6,3,0
530,USR_4162,163.6,217.11,2026-03-26,7,3,0
56,USR_3842,195.34,470.29,2025-09-13,12,5,0
121,USR_7158,136.3,158.04,2026-01-15,6,3,0
216,USR_7583,124.78,286.19,2025-07-15,12,1,0
26,USR_5287,2382.81,42436.94,2026-03-30,2,0,1
73,USR_7463,88.92,195.9,2025-10-29,13,2,0
45,USR_4095,1528.06,12721.03,2026-01-31,2,5,1
248,USR_6903,177.91,420.75,2025-11-02,16,6,0
722,USR_2443,177.1,304.42,2026-03-28,6,5,0
282,USR_9592,105.94,220.98,2025-11-18,7,1,0
894,USR_4869,77.65,82.61,2026-04-06,17,0,0
915,USR_3390,196.95,127.79,2026-03-15,11,6,0
811,USR_9522,154.68,136.06,2026-02-25,20,2,0
245,USR_4899,198.45,342.39,2026-03-12,6,3,0
823,USR_7956,15.19,26.46,2025-08-13,18,2,0
322,USR_4586,35.98,56.41,2025-11-17,14,0,0
644,USR_6927,127.35,139.52,2025-11-06,10,3,0
159,USR_1562,117.71,127.75,2026-04-06,14,0,0
978,USR_1875,155.89,288.84,2026-05-02,14,5,0
430,USR_4157,156.64,343.13,2026-05-14,11,3,0
942,USR_4873,38.6,45.81,2026-01-11,8,6,0
463,USR_7825,89.29,155.31,2026-03-13,13,4,0
310,USR_4436,10.09,11.68,2026-07-07,20,1,0
698,USR_9371,162.2,211.37,2026-04-21,9,1,0
61,USR_9081,22.23,23.09,2026-06-08,11,0,0
885,USR_1425,82.57,124.76,2026-05-03,19,6,0
596,USR_8398,60.07,133.95,2026-02-12,15,3,0
768,USR_8913,24.81,67.57,2025-07-28,11,0,0
650,USR_1548,151.66,180.51,2025-12-09,20,1,0
651,USR_4034,69.89,174.64,2026-03-02,9,0,0
866,USR_2699,89.69,78.02,2025-11-01,6,5,0
669,USR_9425,117.71,87.08,2025-10-01,18,2,0
299,USR_7679,168.46,196.05,2026-04-09,16,3,0
690,USR_3161,99.47,103.93,2025-08-19,8,1,0
315,USR_5253,153.57,392.16,2026-04-17,10,4,0
311,USR_5855,136.28,348.91,2025-10-11,9,5,0
362,USR_4035,110.33,127.59,2025-08-15,6,4,0
480,USR_4385,33.77,18.73,2026-04-05,8,6,0
111,USR_5704,137.49,214.43,2025-07-23,20,2,0
990,USR_1504,111.21,275.42,2025-09-29,15,0,0
487,USR_9549,127.67,148.0,2025-11-01,8,5,0
364,USR_6448,40.48,93.49,2026-03-07,15,5,0
255,USR_6420,121.54,98.14,2026-03-21,17,5,0
260,USR_8479,86.44,199.59,2026-01-19,19,0,0
803,USR_5870,116.68,349.98,2025-11-28,10,4,0
678,USR_4284,125.1,241.18,2025-08-29,16,4,0
495,USR_8655,114.04,151.84,2026-07-01,20,2,0
671,USR_9287,91.78,87.69,2026-01-22,19,3,0
378,USR_8016,81.07,72.61,2026-01-10,11,5,0
527,USR_1556,66.93,183.88,2025-08-12,11,1,0
846,USR_3313,76.68,219.67,2026-07-02,18,3,0
138,USR_9169,108.71,215.63,2025-07-30,18,2,0
356,USR_1951,42.86,109.62,2025-11-05,15,2,0
366,USR_9383,93.46,279.54,2026-03-23,19,0,0
943,USR_9629,76.37,47.61,2025-09-16,9,1,0
750,USR_8789,180.45,286.34,2026-04-14,6,1,0
949,USR_3394,51.19,41.66,2026-06-29,14,0,0
830,USR_3511,192.6,244.25,2025-10-09,20,3,0
657,USR_3212,39.87,82.19,2025-09-15,11,0,0
200,USR_5514,186.7,441.02,2026-03-19,9,3,0
214,USR_9942,134.21,343.28,2026-03-08,12,6,0
409,USR_7034,46.35,98.45,2026-02-08,6,6,0
333,USR_3448,40.56,51.82,2026-05-22,16,4,0
209,USR_4193,57.23,121.31,2026-01-25,8,6,0
614,USR_2469,51.68,37.81,2026-06-27,15,5,0
79,USR_8828,116.06,306.44,2026-04-18,19,5,0
30,USR_8540,4391.82,24570.46,2026-03-06,0,4,1
536,USR_6572,158.59,279.72,2025-08-12,15,1,0
696,USR_7445,104.98,129.22,2025-12-07,11,6,0
558,USR_6685,179.11,322.16,2026-03-04,10,2,0
837,USR_7237,126.2,234.3,2025-07-20,10,6,0
597,USR_2976,30.19,69.23,2026-03-27,20,4,0
166,USR_4663,154.02,241.24,2026-05-01,12,4,0
919,USR_4099,172.18,135.64,2026-03-01,17,6,0
496,USR_4347,137.65,367.44,2025-08-20,15,2,0
825,USR_7488,161.5,201.57,2026-05-27,17,2,0
66,USR_2663,136.03,308.98,2026-02-22,19,6,0
142,USR_4464,196.12,380.51,2026-05-12,9,1,0
926,USR_6937,99.91,102.69,2026-04-29,12,2,0
828,USR_7860,100.85,235.45,2026-02-24,15,1,0
656,USR_4652,82.52,168.03,2025-07-15,17,1,0
332,USR_7916,157.92,338.8,2025-10-20,18,0,0
665,USR_6490,84.9,146.7,2026-05-07,10,3,0
250,USR_2127,53.94,149.12,2025-12-30,16,1,0
908,USR_4396,14.03,20.15,2025-12-09,16,1,0
709,USR_7515,140.85,184.33,2026-04-15,17,2,0
306,USR_2004,56.99,103.78,2026-02-16,13,0,0
735,USR_1310,129.49,305.79,2026-04-04,8,5,0
976,USR_2240,171.76,160.88,2025-11-15,9,5,0
50,USR_4412,2024.51,16537.74,2026-06-26,3,4,1
897,USR_1286,102.33,134.24,2025-09-21,6,6,0
3,USR_8706,821.24,11690.87,2025-07-15,23,1,1
545,USR_2397,188.89,420.49,2025-08-22,20,4,0
351,USR_5637,13.9,29.0,2026-05-26,19,1,0
905,USR_4932,36.68,102.82,2025-11-16,20,6,0
537,USR_6565,73.91,50.08,2026-01-12,9,0,0
345,USR_9306,157.69,391.96,2025-10-12,15,6,0
995,USR_9399,105.37,153.61,2026-04-21,13,1,0
482,USR_1832,34.45,78.49,2025-07-29,18,1,0
576,USR_9463,62.3,124.78,2025-10-31,18,4,0
34,USR_8693,2463.07,13448.62,2026-05-26,1,1,1
32,USR_5471,3372.77,18674.59,2026-01-08,3,3,1
232,USR_6592,182.33,178.26,2026-01-07,6,2,0
964,USR_4759,113.56,189.95,2025-10-06,15,0,0
193,USR_5567,14.13,37.98,2026-05-23,16,5,0
334,USR_7547,116.11,146.2,2025-10-04,19,5,0
4,USR_4705,4178.39,72838.79,2025-12-09,3,1,1
205,USR_6727,118.76,91.19,2026-04-30,13,3,0
515,USR_9221,50.52,92.99,2026-01-28,19,2,0
800,USR_7288,24.07,39.69,2026-03-17,14,1,0
307,USR_3024,81.01,210.48,2026-02-14,20,5,0
110,USR_2435,151.52,276.71,2025-09-15,19,0,0
431,USR_6665,46.36,27.24,2026-04-02,12,3,0
78,USR_1754,114.67,96.52,2025-10-23,17,3,0
85,USR_6817,84.86,159.19,2025-10-25,19,5,0
287,USR_6812,149.15,280.09,2025-12-28,18,6,0
83,USR_9426,95.8,106.22,2025-09-24,8,2,0
992,USR_1535,61.39,98.43,2025-09-19,13,4,0
790,USR_8293,24.08,14.66,2025-11-18,6,1,0
895,USR_8808,153.82,188.73,2025-07-27,11,6,0
399,USR_7548,72.79,184.78,2025-09-05,19,4,0
324,USR_7225,97.52,243.68,2026-04-05,15,6,0
520,USR_7903,129.24,123.13,2026-01-29,20,3,0
917,USR_2976,152.18,315.19,2026-01-14,13,2,0
923,USR_7098,36.27,82.23,2026-04-08,7,2,0
6,USR_1904,2105.66,20667.99,2025-09-13,0,5,1
732,USR_9374,130.22,269.89,2025-09-01,11,0,0
466,USR_4317,79.24,143.82,2025-11-25,13,1,0
98,USR_1305,25.62,17.22,2025-07-26,13,5,0
267,USR_6465,74.21,178.05,2025-10-27,14,0,0
358,USR_3331,75.8,226.63,2026-02-26,9,3,0
869,USR_3036,128.94,301.65,2026-03-20,18,4,0
799,USR_1502,30.8,27.57,2026-03-20,13,4,0
381,USR_8968,119.06,246.65,2026-01-16,20,4,0
632,USR_2075,65.25,121.95,2026-05-16,17,5,0
382,USR_1908,141.27,74.14,2026-06-04,11,3,0
491,USR_5464,169.97,450.33,2025-12-25,16,3,0
119,USR_7212,47.79,29.47,2026-04-29,9,2,0
901,USR_7203,76.23,201.03,2026-01-16,12,4,0
251,USR_6984,137.79,151.16,2026-01-21,13,2,0
524,USR_1269,142.64,376.47,2026-01-10,15,5,0
10,USR_9287,604.98,11113.09,2026-05-31,0,6,1
197,USR_2295,25.59,17.49,2025-11-07,14,4,0
604,USR_4425,42.57,38.64,2026-02-13,17,4,0
82,USR_8987,41.77,68.76,2025-08-01,10,4,0
784,USR_1686,162.41,245.52,2025-08-30,15,5,0
588,USR_7386,72.21,201.58,2025-11-04,13,1,0
798,USR_7820,66.79,43.22,2026-04-07,9,1,0
240,USR_8387,33.86,37.17,2026-01-05,8,0,0
291,USR_3177,44.48,130.0,2025-09-05,20,4,0
212,USR_8250,118.3,298.75,2026-02-07,17,5,0
718,USR_7855,86.85,190.36,2026-01-05,17,0,0
360,USR_6654,193.98,515.38,2025-10-30,15,3,0
450,USR_8463,155.22,444.16,2026-06-25,9,3,0
228,USR_7607,166.61,229.21,2025-12-25,6,3,0
951,USR_9518,26.64,28.96,2025-08-29,6,4,0
947,USR_8851,118.98,129.71,2025-11-25,14,1,0
797,USR_1386,17.77,11.11,2026-05-04,17,0,0
502,USR_8232,82.7,154.6,2026-07-03,12,4,0
465,USR_1942,166.95,496.46,2025-11-05,15,2,0
363,USR_3077,85.09,121.81,2025-12-05,20,4,0
469,USR_4825,100.29,96.77,2026-05-11,8,0,0
936,USR_3491,135.5,169.77,2026-01-08,7,3,0
429,USR_6767,171.95,240.4,2026-05-07,10,3,0
8,USR_1912,4998.94,56421.5,2025-10-15,0,2,1
156,USR_5636,109.39,251.99,2025-09-03,19,2,0
542,USR_7760,126.2,145.87,2026-01-24,15,5,0
441,USR_8411,77.1,222.38,2025-12-11,6,3,0
483,USR_7344,124.82,160.32,2025-11-22,15,5,0
423,USR_5948,25.12,19.67,2026-02-13,8,4,0
779,USR_2046,175.01,195.45,2026-04-21,12,1,0
950,USR_9672,149.74,195.99,2026-06-24,15,2,0
335,USR_9555,115.99,162.94,2026-04-07,9,1,0
577,USR_8454,103.23,260.67,2025-11-22,19,5,0
935,USR_8786,187.62,182.53,2026-06-30,14,1,0
568,USR_9697,56.95,135.81,2026-02-08,15,6,0
595,USR_9084,59.43,100.04,2025-09-06,9,5,0
531,USR_5528,190.93,229.23,2026-05-27,14,2,0
582,USR_5315,198.36,111.59,2026-05-14,15,3,0
708,USR_8429,55.39,159.04,2025-08-19,13,1,0
449,USR_2336,192.19,143.47,2025-11-13,8,3,0
454,USR_5394,52.55,43.33,2026-01-09,19,4,0
229,USR_3308,28.88,45.04,2026-06-21,17,6,0
353,USR_3427,19.25,35.92,2026-06-09,12,1,0
729,USR_6363,124.24,233.63,2026-04-30,7,3,0
213,USR_3288,36.76,18.95,2025-11-22,11,5,0
80,USR_8033,188.65,502.88,2025-12-06,15,5,0
149,USR_4514,109.87,224.53,2025-10-29,14,2,0
303,USR_9731,16.47,11.9,2025-10-15,17,2,0
629,USR_2286,73.05,128.87,2026-01-29,20,3,0
778,USR_8123,80.36,111.44,2026-03-08,6,6,0
507,USR_4730,168.0,169.06,2025-11-28,20,4,0
343,USR_6106,98.01,198.2,2025-11-09,12,6,0
486,USR_4986,90.65,240.31,2026-03-17,7,1,0
712,USR_9440,100.41,94.75,2026-03-26,13,3,0
134,USR_7873,106.83,199.56,2026-05-22,10,4,0
704,USR_6412,144.07,329.28,2025-11-05,12,2,0
312,USR_2557,25.74,72.43,2026-01-02,18,4,0
723,USR_6950,73.96,117.59,2026-03-06,11,4,0
630,USR_6643,156.69,313.23,2025-07-17,7,3,0
1,USR_8121,3357.84,56213.6,2025-11-13,0,3,1
317,USR_7847,12.19,25.67,2026-02-11,9,2,0
707,USR_7470,43.15,120.44,2025-08-30,6,5,0
548,USR_9537,101.94,272.07,2025-12-16,10,1,0
873,USR_5149,129.17,129.98,2025-10-11,15,5,0
533,USR_9077,182.14,170.73,2026-05-11,9,0,0
478,USR_6300,85.55,219.54,2025-08-02,20,5,0
405,USR_8300,56.26,126.56,2026-04-10,15,4,0
173,USR_1788,122.75,138.68,2025-10-10,13,4,0
126,USR_5936,54.85,47.63,2026-03-09,20,0,0
395,USR_2611,34.33,68.15,2025-11-01,14,5,0
421,USR_6282,113.89,157.06,2025-12-26,15,4,0
553,USR_4571,99.63,173.71,2026-05-07,11,3,0
904,USR_9520,41.12,52.46,2026-06-12,17,4,0
91,USR_2283,114.99,110.04,2025-10-02,13,3,0
940,USR_1841,30.39,33.68,2026-02-20,19,4,0
182,USR_1529,121.87,213.81,2025-08-03,9,6,0
275,USR_9276,105.79,75.74,2025-11-16,15,6,0
896,USR_3926,61.02,133.06,2026-03-16,12,0,0
70,USR_3645,88.59,97.52,2026-04-02,8,3,0
292,USR_3896,82.6,127.78,2025-12-10,8,2,0
132,USR_6947,190.69,214.71,2025-08-31,7,6,0
301,USR_1462,25.55,72.87,2025-10-03,8,4,0
425,USR_6701,188.09,166.14,2026-02-06,14,4,0
327,USR_6435,195.56,397.95,2026-01-18,15,6,0
145,USR_5071,82.95,222.04,2026-01-25,12,6,0
424,USR_1406,195.3,263.72,2026-04-19,16,6,0
581,USR_7907,25.17,18.5,2026-01-25,18,6,0
136,USR_1588,124.1,286.38,2025-08-01,20,4,0
451,USR_3896,54.66,115.45,2025-11-15,19,5,0
165,USR_7162,176.51,297.04,2026-02-26,18,3,0
29,USR_9328,3397.8,38592.34,2026-04-08,3,2,1
774,USR_2177,149.67,78.05,2026-04-25,18,5,0
194,USR_9156,61.94,65.64,2025-11-30,9,6,0
389,USR_7682,157.72,400.08,2025-12-23,11,1,0
853,USR_4719,168.68,196.96,2026-04-24,8,4,0
170,USR_5053,41.27,95.43,2025-12-15,11,0,0
706,USR_4196,18.41,26.29,2026-02-14,13,5,0
141,USR_1608,138.75,364.16,2026-02-27,13,4,0
174,USR_3305,115.38,238.39,2025-11-23,18,6,0
7,USR_4964,4860.92,37925.65,2026-06-18,1,3,1
746,USR_9835,68.29,36.06,2025-08-19,20,1,0
479,USR_4473,159.54,188.56,2026-01-20,20,1,0
74,USR_2942,80.48,154.52,2025-10-10,15,4,0
911,USR_3695,30.62,66.21,2026-03-08,7,6,0
814,USR_9690,97.54,265.21,2026-01-24,14,5,0
239,USR_1139,123.42,185.29,2025-07-23,6,2,0
146,USR_4466,89.25,267.05,2025-07-12,15,5,0
793,USR_3088,142.44,348.05,2025-11-06,18,3,0
235,USR_3741,86.48,249.68,2025-08-15,20,4,0
221,USR_6257,104.09,184.37,2026-04-17,16,4,0
924,USR_2633,179.79,375.32,2025-10-02,12,3,0
501,USR_2208,16.76,36.49,2026-02-16,14,0,0
133,USR_7127,118.05,294.81,2025-10-20,15,0,0
991,USR_5338,83.91,67.84,2026-04-07,18,1,0
775,USR_7783,90.32,164.79,2025-10-20,15,0,0
186,USR_2720,32.25,75.4,2025-12-15,20,0,0
42,USR_7713,4516.51,55874.34,2026-02-01,23,6,1
697,USR_8631,185.85,549.27,2025-12-22,16,0,0
109,USR_6275,100.82,130.91,2026-05-17,7,6,0
589,USR_6887,182.94,184.8,2025-07-10,17,3,0
57,USR_9153,107.9,304.2,2026-01-06,6,1,0
406,USR_8075,188.95,513.56,2026-06-07,14,6,0
443,USR_2679,37.95,25.18,2025-09-19,8,4,0
758,USR_1386,130.11,89.72,2026-03-13,7,4,0
998,USR_9479,130.88,278.85,2026-03-08,17,6,0
25,USR_6801,1708.63,14010.65,2025-10-02,4,3,1
468,USR_5575,177.1,269.4,2026-03-23,16,0,0
540,USR_7890,188.62,248.04,2026-02-23,9,0,0
532,USR_6409,90.28,116.08,2025-11-13,11,3,0
619,USR_9967,43.18,35.68,2026-05-13,14,2,0
695,USR_4882,138.02,80.05,2026-06-16,9,1,0
927,USR_4403,122.89,282.07,2026-01-04,9,6,0
339,USR_8406,198.91,109.83,2026-01-31,6,5,0
52,USR_2576,53.13,56.17,2026-04-05,13,6,0
508,USR_3488,149.41,371.97,2026-01-31,19,5,0
517,USR_7774,48.36,47.97,2025-11-20,15,3,0
921,USR_9543,36.06,71.41,2025-12-07,17,6,0
782,USR_5704,143.43,397.37,2025-09-15,8,0,0
265,USR_2753,66.45,143.19,2025-07-24,18,3,0
818,USR_7217,142.48,283.68,2025-12-29,9,0,0
711,USR_7193,120.71,265.9,2025-11-14,10,4,0
683,USR_5814,119.91,214.72,2025-08-11,16,0,0
833,USR_2066,190.07,377.58,2025-10-02,13,3,0
519,USR_2908,57.4,97.05,2026-07-01,9,2,0
448,USR_9813,29.97,87.45,2025-07-16,19,2,0
19,USR_5541,1064.2,11783.9,2025-09-03,23,2,1
716,USR_7043,54.96,163.58,2025-12-11,20,3,0
484,USR_2619,76.15,177.92,2025-08-21,9,3,0
569,USR_8423,83.19,248.69,2026-03-05,18,3,0
434,USR_7371,76.66,222.63,2025-10-29,15,2,0
368,USR_9105,108.26,165.35,2025-10-01,20,2,0
84,USR_4023,37.46,25.31,2025-11-20,17,3,0
62,USR_5911,92.68,53.32,2025-11-13,13,3,0
639,USR_9485,105.64,64.22,2025-11-23,17,6,0
273,USR_4753,135.54,239.12,2025-11-25,16,1,0
286,USR_7268,86.48,235.03,2025-11-03,16,0,0
361,USR_3188,180.29,298.53,2026-04-16,16,3,0
355,USR_5095,70.07,90.31,2026-02-16,15,0,0
457,USR_8449,137.85,91.06,2025-11-21,7,4,0
279,USR_8192,187.79,492.05,2025-10-20,19,0,0
13,USR_5505,2196.94,31535.35,2025-08-21,4,3,1
183,USR_8156,189.89,525.46,2026-04-13,13,0,0
369,USR_6885,146.48,314.49,2026-01-02,9,4,0
882,USR_9202,115.82,112.99,2026-04-02,19,3,0
616,USR_9382,189.48,193.72,2026-04-20,6,0,0
224,USR_6087,135.55,213.71,2025-11-07,6,4,0
573,USR_3009,148.38,224.77,2025-10-09,20,3,0
971,USR_4099,172.42,189.84,2026-06-16,19,1,0
654,USR_5968,174.37,429.33,2026-01-29,14,3,0
546,USR_9224,27.91,81.92,2025-12-20,11,5,0
583,USR_4369,133.26,164.9,2025-09-22,7,0,0
634,USR_4366,24.34,13.32,2026-05-24,15,6,0
177,USR_5299,135.01,113.23,2025-11-08,9,5,0
666,USR_3865,31.2,46.61,2025-08-15,18,4,0
674,USR_6767,36.14,47.73,2025-08-19,10,1,0
586,USR_1695,109.28,239.82,2025-10-06,18,0,0
874,USR_2198,151.18,385.66,2025-11-01,14,5,0
394,USR_3528,171.3,329.58,2026-05-02,18,5,0
164,USR_5729,78.83,206.96,2026-05-18,7,0,0
249,USR_2200,41.74,111.65,2025-11-12,10,2,0
635,USR_7549,158.36,461.45,2025-12-12,19,4,0
886,USR_7734,49.61,87.59,2025-11-21,14,4,0
670,USR_2687,175.48,212.62,2025-08-21,17,3,0
376,USR_3915,50.24,61.97,2026-07-04,13,5,0
413,USR_3530,118.64,336.43,2025-10-29,11,2,0
75,USR_7244,102.59,153.21,2026-07-06,13,0,0
114,USR_7526,110.8,194.52,2026-03-14,8,5,0
599,USR_5368,188.07,406.58,2025-12-30,8,1,0
962,USR_7155,158.28,272.21,2026-05-23,9,5,0
391,USR_9736,22.04,40.07,2025-07-17,10,3,0
105,USR_3172,173.46,188.98,2026-04-13,9,0,0
115,USR_7471,152.04,233.75,2026-01-17,8,5,0
418,USR_3283,128.26,382.98,2026-01-04,6,6,0
526,USR_9786,155.46,172.6,2025-12-22,14,0,0
458,USR_2360,62.66,159.42,2026-01-17,18,5,0
410,USR_4366,54.77,158.05,2025-08-22,20,4,0
93,USR_8003,95.77,238.77,2026-06-06,17,5,0
931,USR_5302,147.69,113.41,2026-01-13,19,1,0
90,USR_3808,116.8,85.58,2025-08-25,8,0,0
337,USR_9292,37.78,100.22,2025-09-27,20,5,0
989,USR_8497,14.69,34.64,2025-09-05,17,4,0
922,USR_1633,184.02,467.86,2025-09-02,19,1,0
934,USR_5643,132.19,188.13,2025-09-11,6,3,0
606,USR_9055,68.16,70.94,2026-02-05,13,3,0
594,USR_6068,193.87,500.25,2026-01-24,17,5,0
612,USR_1367,18.95,36.15,2026-01-10,19,5,0
95,USR_3875,12.4,30.96,2026-02-18,19,2,0
12,USR_9205,2379.88,28173.34,2025-09-01,4,0,1
397,USR_6615,148.47,396.66,2025-08-24,18,6,0
534,USR_2628,194.13,369.55,2025-09-08,15,0,0
44,USR_7638,4285.99,53137.47,2025-08-12,1,1,1
43,USR_2469,4336.73,23834.49,2025-11-17,0,0,1
330,USR_9209,62.45,53.49,2025-09-07,19,6,0
168,USR_9515,105.71,167.73,2026-06-17,8,2,0
498,USR_6545,156.58,418.47,2026-05-22,20,4,0
877,USR_8127,182.42,388.36,2025-12-22,20,0,0
598,USR_5980,126.9,336.39,2025-11-08,18,5,0
757,USR_3584,82.09,138.46,2025-08-31,13,6,0
101,USR_3319,89.65,142.6,2026-05-14,13,3,0
427,USR_7668,73.88,209.22,2025-07-31,11,3,0
179,USR_5139,52.29,94.89,2025-08-02,8,5,0
445,USR_7294,143.39,279.78,2026-01-08,10,3,0
417,USR_8715,106.55,186.02,2025-09-16,12,1,0
871,USR_1998,66.04,79.34,2025-12-03,19,2,0
883,USR_7518,175.98,470.97,2025-09-17,6,2,0
681,USR_4903,131.79,104.12,2026-04-02,18,3,0
178,USR_1398,21.69,24.77,2025-11-27,18,3,0
396,USR_7789,22.99,31.98,2025-09-18,8,3,0
912,USR_2892,148.69,359.23,2025-11-19,10,2,0
794,USR_4307,91.84,254.24,2026-06-08,11,0,0
961,USR_1871,180.06,411.43,2025-11-05,19,2,0
685,USR_6165,77.06,66.74,2025-11-04,20,1,0
384,USR_2091,37.98,29.19,2025-08-20,16,2,0
957,USR_4020,70.55,107.53,2025-10-12,20,6,0
752,USR_6368,179.17,122.47,2025-09-12,14,4,0
258,USR_5979,99.24,191.03,2025-09-10,11,2,0
539,USR_4641,166.89,430.91,2026-02-08,9,6,0
336,USR_4185,128.92,319.56,2026-06-15,11,0,0
16,USR_8002,817.01,12570.6,2026-04-01,1,2,1
325,USR_9740,161.88,476.88,2026-06-24,16,2,0
759,USR_8377,152.26,252.55,2025-10-09,10,3,0
223,USR_9875,28.34,32.23,2025-11-10,16,0,0
180,USR_5385,160.09,127.99,2025-09-18,14,3,0
984,USR_9603,191.96,429.5,2026-01-03,8,5,0
23,USR_3942,4034.63,72627.98,2025-12-08,23,0,1
357,USR_1906,21.88,54.42,2025-08-30,6,5,0
667,USR_6735,125.97,131.86,2025-11-04,10,1,0
862,USR_6450,83.34,111.69,2026-03-31,20,1,0
341,USR_5283,80.31,149.95,2026-04-28,15,1,0
432,USR_5939,192.48,134.35,2026-01-29,18,3,0
552,USR_4091,11.59,32.42,2025-10-30,9,3,0
834,USR_3222,158.97,312.45,2025-10-25,9,5,0
204,USR_1060,145.35,202.59,2026-03-05,19,3,0
631,USR_5323,154.54,183.15,2026-03-15,9,6,0
94,USR_4939,75.56,211.96,2026-03-28,6,5,0
559,USR_8683,133.37,246.54,2025-10-22,6,2,0
69,USR_6708,32.91,17.18,2025-08-12,20,1,0
623,USR_4028,123.94,333.7,2025-07-11,18,4,0
285,USR_1303,149.95,364.43,2026-05-23,10,5,0
845,USR_1729,141.65,390.78,2025-10-29,16,2,0
435,USR_7428,196.67,254.62,2025-10-27,19,0,0
154,USR_2123,81.26,165.83,2025-08-03,20,6,0
76,USR_5081,117.87,202.64,2025-07-27,10,6,0
731,USR_4236,21.65,59.51,2025-12-05,13,4,0
447,USR_5315,94.55,96.94,2026-05-22,19,4,0
189,USR_5317,18.0,29.39,2025-09-24,9,2,0
272,USR_2719,64.25,96.38,2025-11-16,6,6,0
237,USR_5639,97.12,287.41,2026-01-08,14,3,0
488,USR_1058,99.2,185.19,2026-06-01,14,0,0
118,USR_7438,108.75,212.75,2026-03-10,14,1,0
944,USR_2485,12.04,18.07,2025-09-10,9,2,0
513,USR_5339,153.25,289.19,2026-02-17,6,1,0
826,USR_9146,97.65,111.63,2026-06-01,12,0,0
592,USR_5552,72.55,195.42,2026-01-21,7,2,0
127,USR_1286,20.15,21.79,2025-12-05,10,4,0
117,USR_3618,118.42,174.24,2025-12-30,19,1,0
474,USR_1539,13.43,9.15,2026-05-15,18,4,0
694,USR_4642,67.74,115.53,2026-01-24,20,5,0
58,USR_6488,11.22,33.5,2025-08-27,8,2,0
864,USR_6430,157.13,444.59,2025-11-04,20,1,0
913,USR_4928,111.84,325.85,2025-12-12,9,4,0
370,USR_4619,180.32,496.01,2025-11-23,13,6,0
269,USR_3335,164.16,331.79,2026-04-10,15,4,0
47,USR_1671,4832.71,60891.11,2026-06-15,0,0,1
350,USR_2368,96.08,251.96,2026-04-24,16,4,0
196,USR_1185,103.92,258.46,2025-11-18,12,1,0
1000,USR_8125,184.36,451.62,2025-10-14,11,1,0
835,USR_1672,118.19,239.5,2025-11-13,10,3,0
737,USR_8141,95.93,158.65,2025-12-26,16,4,0
264,USR_9545,184.66,326.27,2026-01-17,15,5,0
444,USR_1161,76.75,88.44,2025-09-06,16,5,0
676,USR_1624,52.04,141.14,2026-04-23,13,3,0
305,USR_9769,165.19,406.89,2026-01-27,9,1,0
342,USR_9495,57.24,29.81,2025-08-01,17,4,0
967,USR_6003,24.37,58.76,2026-01-29,14,3,0
150,USR_7501,140.92,384.27,2025-10-02,16,3,0
125,USR_8106,155.96,275.94,2026-03-16,14,0,0
787,USR_6884,67.62,160.27,2026-06-24,16,2,0
51,USR_7843,143.97,136.27,2025-12-31,14,2,0
354,USR_6400,109.38,96.34,2026-02-16,11,0,0
928,USR_9504,178.5,106.4,2026-02-16,16,0,0
143,USR_4984,126.64,298.45,2026-03-12,18,3,0
471,USR_3107,120.94,314.0,2025-10-13,11,0,0
400,USR_4177,15.61,13.76,2026-05-10,9,6,0
626,USR_9947,98.05,255.61,2026-04-14,15,1,0
321,USR_3492,18.59,10.59,2025-11-28,14,4,0
20,USR_2077,602.02,6034.72,2025-12-24,0,2,1
810,USR_2818,173.64,190.03,2026-01-13,6,1,0
791,USR_6238,108.09,220.4,2026-04-21,13,1,0
809,USR_9885,114.3,293.19,2025-12-03,7,2,0
408,USR_1836,188.9,226.12,2026-01-31,9,5,0
538,USR_4294,126.73,109.3,2026-06-13,14,5,0
621,USR_8047,193.22,235.53,2025-07-13,17,6,0
39,USR_6154,815.98,5088.4,2026-04-23,1,3,1
176,USR_8593,68.23,70.61,2025-11-12,15,2,0
246,USR_3765,38.19,73.9,2025-08-25,17,0,0
829,USR_2839,101.79,284.43,2026-02-11,16,2,0
668,USR_1304,63.66,49.37,2026-03-13,12,4,0
755,USR_2747,55.56,31.06,2026-02-01,17,6,0
859,USR_8307,51.81,65.83,2026-03-03,17,1,0
155,USR_9228,190.29,229.19,2025-12-20,15,5,0
288,USR_4010,79.38,162.02,2026-04-23,19,3,0
603,USR_7832,18.37,48.2,2026-02-26,16,3,0
570,USR_5218,81.75,204.81,2026-03-25,20,2,0
744,USR_1638,150.61,317.4,2025-08-16,17,5,0
18,USR_9549,747.23,6185.5,2026-06-16,1,1,1
128,USR_1116,79.47,116.63,2025-07-19,14,5,0
323,USR_2297,123.3,358.04,2026-03-06,7,4,0
256,USR_1555,60.33,156.32,2026-01-01,7,3,0
658,USR_3527,68.7,111.28,2026-01-26,17,0,0
965,USR_6545,173.17,476.9,2026-06-26,13,4,0
191,USR_7944,83.97,203.8,2025-09-23,18,1,0
116,USR_1249,175.67,278.44,2025-10-01,11,2,0
617,USR_3490,107.51,296.68,2026-07-05,16,6,0
607,USR_1557,167.23,269.74,2026-05-24,6,6,0
181,USR_3099,61.37,87.9,2025-10-20,14,0,0
302,USR_2816,138.3,338.12,2025-07-20,7,6,0
760,USR_3373,185.63,465.42,2026-05-11,7,0,0
713,USR_3414,62.47,145.93,2026-06-25,13,3,0
724,USR_4024,70.95,43.49,2025-07-23,7,2,0
686,USR_9431,108.25,173.78,2026-05-06,7,2,0
980,USR_2863,29.89,86.47,2025-10-04,18,5,0
518,USR_7903,142.2,251.08,2025-11-16,17,6,0
985,USR_6834,126.58,72.24,2026-01-13,11,1,0
46,USR_4508,1924.98,16440.39,2025-09-10,3,2,1
910,USR_3356,149.99,202.6,2026-02-07,14,5,0
158,USR_3251,167.37,424.45,2026-03-26,17,3,0
852,USR_4074,15.67,32.73,2026-03-06,11,4,0
172,USR_3381,122.03,294.7,2026-02-07,14,5,0
17,USR_1158,3207.15,60837.01,2026-04-30,0,3,1
512,USR_4425,133.6,167.42,2025-12-15,7,0,0
49,USR_5599,2509.63,17983.36,2025-08-10,3,6,1
972,USR_9912,98.82,144.92,2026-03-16,9,0,0
941,USR_2165,55.36,108.38,2026-02-04,7,2,0
516,USR_2489,27.76,64.4,2025-08-20,13,2,0
953,USR_2552,156.73,244.8,2025-09-05,15,4,0
481,USR_2168,44.52,35.68,2025-12-18,16,3,0
284,USR_2825,29.39,48.83,2026-06-27,13,5,0
719,USR_4650,142.39,396.11,2026-05-01,20,4,0
878,USR_5073,47.39,123.97,2025-12-30,20,1,0
226,USR_4255,170.87,420.16,2025-08-28,9,3,0
27,USR_9424,1770.57,31509.29,2025-07-11,4,4,1
955,USR_6418,45.83,127.17,2025-11-17,7,0,0
438,USR_5327,156.15,246.85,2025-07-31,19,3,0
952,USR_5849,137.44,126.71,2025-12-24,17,2,0
365,USR_8241,75.29,170.22,2025-12-06,8,5,0
230,USR_4041,167.12,373.67,2025-12-20,17,5,0
38,USR_7961,785.91,13170.93,2025-11-24,23,0,1
966,USR_4354,176.53,516.15,2025-07-31,18,3,0
375,USR_8149,151.86,123.08,2025-09-06,17,5,0
470,USR_3527,180.29,439.49,2026-02-07,15,5,0
968,USR_8564,101.17,66.57,2025-08-28,15,3,0
851,USR_3536,50.75,121.97,2025-12-04,11,3,0
705,USR_6957,114.34,105.94,2026-04-04,13,5,0
842,USR_1446,44.56,107.87,2026-03-15,7,6,0
195,USR_5613,125.82,76.67,2025-09-04,8,3,0
855,USR_1095,22.32,39.51,2026-05-27,16,2,0
865,USR_7521,89.45,218.82,2026-02-16,11,0,0
504,USR_3955,81.52,219.49,2026-06-14,14,6,0
970,USR_9239,136.53,195.26,2026-03-17,11,1,0
831,USR_8611,156.24,309.77,2025-10-13,11,0,0
580,USR_5348,10.61,22.02,2025-12-06,12,5,0
969,USR_3195,179.77,534.64,2026-06-21,12,6,0
163,USR_3533,57.11,165.66,2025-10-06,12,0,0
909,USR_1397,68.44,199.91,2026-05-05,20,1,0
153,USR_4779,133.87,82.7,2026-06-16,20,1,0
802,USR_2046,174.04,122.57,2025-07-13,11,6,0
994,USR_4643,135.3,308.21,2025-08-24,13,6,0
756,USR_3498,108.68,258.99,2026-05-27,20,2,0
112,USR_9055,99.41,62.83,2025-09-23,9,1,0
227,USR_8109,198.59,402.85,2026-06-15,14,0,0
689,USR_2695,138.96,188.76,2026-07-05,8,6,0
104,USR_8280,122.74,91.08,2026-03-14,9,5,0
422,USR_6673,52.47,104.48,2025-09-08,17,0,0
420,USR_3830,27.26,21.9,2025-10-09,8,3,0
751,USR_3249,111.07,234.25,2026-04-03,14,4,0
587,USR_3495,33.46,72.95,2026-07-08,13,2,0
781,USR_5387,53.2,77.23,2025-08-21,14,3,0
673,USR_6385,192.77,180.27,2025-12-14,17,6,0
120,USR_2779,75.58,111.31,2026-05-18,6,0,0
54,USR_9065,177.36,465.7,2026-02-28,6,5,0
152,USR_6204,82.14,113.61,2026-06-25,20,3,0
404,USR_5353,50.8,81.85,2026-06-24,7,2,0
946,USR_4165,199.42,583.01,2025-11-18,15,1,0
208,USR_7543,94.23,221.47,2026-04-27,15,0,0
659,USR_7585,30.5,26.45,2026-03-19,6,3,0
844,USR_3691,40.28,70.07,2025-10-06,13,0,0
763,USR_8730,109.93,58.28,2026-02-02,10,0,0
9,USR_2809,1574.84,9253.95,2025-11-19,2,2,1
808,USR_9920,48.91,31.71,2025-10-18,13,5,0
37,USR_4156,3780.63,30580.8,2026-02-03,0,1,1
453,USR_7573,194.03,529.77,2025-12-25,9,3,0
652,USR_7698,15.55,10.12,2026-02-27,16,4,0
254,USR_1347,78.58,94.27,2025-09-17,14,2,0
304,USR_2239,133.85,190.47,2026-06-17,16,2,0
747,USR_5726,39.72,44.91,2025-10-14,19,1,0
572,USR_5648,127.3,295.27,2025-08-04,10,0,0
624,USR_6766,90.78,236.38,2025-09-10,18,2,0
733,USR_6662,65.84,147.3,2026-04-12,6,6,0
892,USR_9395,161.04,274.43,2025-11-01,10,5,0
263,USR_1322,124.38,90.33,2026-04-28,8,1,0
611,USR_9148,91.02,60.17,2026-05-14,7,3,0
298,USR_7227,94.14,233.16,2025-12-31,13,2,0
415,USR_3436,133.55,250.41,2026-06-20,18,5,0
151,USR_5995,116.84,133.27,2026-01-21,19,2,0
789,USR_4907,147.6,198.93,2026-03-06,18,4,0
641,USR_4427,49.91,106.72,2026-06-10,11,2,0
890,USR_1730,157.42,374.82,2026-02-09,11,0,0
551,USR_8416,34.11,94.36,2026-01-06,18,1,0
887,USR_6217,49.9,35.31,2026-05-29,14,4,0
489,USR_7876,153.04,365.07,2025-07-28,16,0,0
148,USR_7954,16.44,26.66,2025-09-30,14,1,0
147,USR_9574,195.14,250.97,2025-12-26,15,4,0
721,USR_7373,167.49,142.62,2025-12-24,9,2,0
932,USR_1403,41.58,42.78,2026-04-21,12,1,0
740,USR_1341,74.72,62.96,2026-06-23,12,1,0
660,USR_8949,173.43,342.71,2025-07-14,8,0,0
349,USR_1560,79.45,97.21,2025-12-16,14,1,0
464,USR_9242,56.94,81.88,2026-01-23,8,4,0
326,USR_7978,145.42,327.7,2025-10-28,10,1,0
187,USR_8779,79.7,181.91,2026-01-20,18,1,0
124,USR_3246,66.6,198.33,2025-07-27,15,6,0
854,USR_9627,47.59,122.38,2026-02-24,19,1,0
609,USR_5923,198.37,132.85,2025-08-24,20,6,0
144,USR_3639,138.89,365.03,2026-03-21,8,5,0
959,USR_7349,40.02,24.05,2026-06-05,7,4,0
198,USR_5592,40.33,108.03,2025-12-19,18,4,0
610,USR_6840,83.07,204.88,2025-11-05,7,2,0
280,USR_8178,117.62,206.71,2026-06-24,10,2,0
294,USR_4836,52.16,48.32,2025-07-16,11,2,0
401,USR_3745,116.7,243.05,2025-10-28,16,1,0
123,USR_6699,78.68,183.81,2026-01-25,10,6,0
184,USR_4267,125.57,254.11,2025-11-19,12,2,0
203,USR_3573,54.85,150.57,2025-08-23,15,5,0
439,USR_6203,99.66,216.16,2026-04-05,15,6,0
247,USR_8099,147.74,259.36,2026-05-09,14,5,0
416,USR_2460,181.5,162.19,2026-01-30,6,4,0
933,USR_1196,145.08,161.15,2026-04-15,19,2,0
766,USR_2170,181.42,134.8,2025-08-20,8,2,0
907,USR_6503,24.63,45.24,2025-07-13,18,6,0
836,USR_6964,121.78,194.55,2025-10-28,9,1,0
888,USR_4979,60.47,120.21,2025-10-24,17,4,0
130,USR_8656,110.6,327.03,2025-12-04,13,3,0
638,USR_2046,143.33,165.86,2026-05-27,7,2,0
403,USR_6697,30.07,68.11,2025-10-31,12,4,0
785,USR_2689,65.96,83.34,2026-04-16,20,3,0
771,USR_9836,121.99,221.15,2025-12-07,8,6,0
736,USR_8403,57.95,84.47,2025-11-27,9,3,0
914,USR_3619,162.53,100.07,2026-04-04,7,5,0
220,USR_3235,97.87,172.99,2025-11-17,15,0,0
642,USR_2013,70.85,207.72,2025-10-16,15,3,0
916,USR_4650,88.19,197.29,2025-10-07,7,1,0
753,USR_3566,134.96,227.17,2025-10-08,8,2,0
807,USR_8407,141.84,134.26,2025-11-27,16,3,0
920,USR_3790,63.49,91.32,2025-12-09,15,1,0
625,USR_5253,51.84,154.09,2025-09-13,19,5,0
875,USR_7713,130.78,361.04,2026-04-27,17,0,0
761,USR_3435,135.02,356.52,2025-10-16,11,3,0
387,USR_6005,38.45,33.5,2026-01-20,17,1,0
973,USR_7805,108.69,229.91,2026-01-19,20,0,0
510,USR_7824,36.47,25.58,2026-05-20,10,2,0
268,USR_5102,15.25,19.86,2025-11-14,10,4,0
820,USR_8881,100.02,101.09,2026-02-03,12,1,0
442,USR_4270,19.95,16.94,2026-04-09,8,3,0
497,USR_6606,170.75,245.33,2025-09-07,8,6,0
113,USR_2096,90.78,58.41,2025-09-24,20,2,0
692,USR_3528,160.47,150.42,2025-09-19,9,4,0
233,USR_6382,187.59,448.97,2026-04-06,8,0,0
870,USR_8810,191.24,288.21,2025-08-02,14,5,0
608,USR_8438,138.91,93.63,2025-09-12,6,4,0
672,USR_6968,184.23,487.32,2025-07-12,15,5,0
374,USR_8600,54.06,92.19,2025-09-17,10,2,0
982,USR_4902,67.32,179.67,2026-04-28,7,1,0
843,USR_6867,91.39,58.63,2026-03-20,9,4,0
234,USR_1104,38.34,71.36,2025-11-17,17,0,0
786,USR_7062,67.53,198.24,2026-05-18,18,0,0
677,USR_7314,168.82,313.78,2025-12-04,13,3,0
318,USR_8030,159.87,426.71,2026-01-24,13,5,0
649,USR_6473,135.76,396.73,2026-05-01,6,4,0
411,USR_4824,97.11,183.98,2026-06-28,8,6,0
899,USR_6916,191.84,558.53,2026-06-22,15,0,0
710,USR_5936,78.15,66.14,2026-04-18,7,5,0
359,USR_6369,113.85,324.78,2025-12-18,9,3,0
259,USR_6415,197.13,253.37,2025-08-23,8,5,0
745,USR_9646,142.18,337.4,2025-07-10,11,3,0
628,USR_4855,18.69,27.49,2026-01-22,14,3,0
633,USR_6500,163.05,326.55,2026-01-08,14,3,0
283,USR_9966,143.64,370.78,2025-07-25,8,4,0
377,USR_8321,59.59,140.15,2026-07-04,20,5,0
385,USR_6520,137.34,337.24,2026-06-13,14,5,0
225,USR_2530,17.09,20.28,2026-05-10,9,6,0
954,USR_2464,174.75,114.82,2025-10-30,20,3,0
815,USR_9794,149.0,120.81,2026-06-09,7,1,0
473,USR_2636,80.02,72.27,2026-04-10,18,4,0
348,USR_5226,47.82,113.1,2025-08-19,17,1,0
506,USR_1008,28.05,80.44,2026-01-11,15,6,0
640,USR_9202,96.89,246.97,2025-08-13,17,2,0
988,USR_8757,150.26,326.29,2026-01-18,6,6,0
929,USR_6644,170.07,259.51,2025-07-17,11,3,0
906,USR_8645,92.0,90.78,2025-10-21,17,1,0
620,USR_7680,27.68,31.67,2026-04-10,14,4,0
856,USR_9164,181.91,260.83,2026-05-22,20,4,0
804,USR_8542,76.3,99.5,2025-09-04,7,3,0
646,USR_7472,95.3,201.78,2026-06-01,9,0,0
847,USR_4171,178.89,224.18,2025-08-26,14,1,0
557,USR_3392,54.71,52.5,2025-10-25,18,5,0
958,USR_8537,159.45,217.65,2025-09-26,6,4,0
578,USR_3927,138.07,172.89,2026-03-07,18,5,0
796,USR_4045,109.3,134.49,2025-09-02,6,1,0
86,USR_3151,95.32,133.04,2025-11-09,6,6,0
243,USR_8594,36.28,88.32,2026-05-23,6,5,0
699,USR_1215,131.13,279.69,2025-08-01,17,4,0
160,USR_9515,137.26,87.36,2026-02-08,7,6,0
525,USR_3445,34.62,22.63,2025-09-08,7,0,0
36,USR_3962,4326.07,44691.9,2025-11-06,2,3,1
541,USR_1990,125.54,280.02,2025-10-10,14,4,0
171,USR_2317,84.99,238.95,2026-05-22,20,4,0
655,USR_4883,64.25,128.41,2025-07-30,16,2,0
891,USR_1661,129.89,338.2,2026-04-10,10,4,0
858,USR_2979,186.82,121.35,2026-04-22,9,2,0
848,USR_9825,48.6,137.35,2025-10-31,18,4,0
945,USR_4718,106.83,254.49,2026-03-27,8,4,0
734,USR_1911,177.82,123.3,2026-06-24,6,2,0
96,USR_8299,16.23,15.08,2025-08-24,11,6,0
564,USR_7475,179.21,406.26,2026-05-19,18,1,0
241,USR_9515,44.52,36.98,2026-01-17,12,5,0
743,USR_2253,117.36,63.99,2025-11-13,20,3,0
575,USR_1137,174.61,284.22,2026-02-28,15,5,0
691,USR_7861,170.61,277.62,2026-05-17,10,6,0
461,USR_7079,154.72,308.98,2026-06-27,8,5,0
554,USR_2893,42.29,81.53,2025-10-08,9,2,0
889,USR_8952,37.92,24.9,2025-09-17,19,2,0
207,USR_2013,164.78,327.17,2025-09-20,17,5,0
393,USR_3445,85.23,50.71,2026-01-07,16,2,0
795,USR_1247,187.74,423.76,2026-06-14,8,6,0
398,USR_8645,122.69,61.41,2026-03-25,6,2,0
767,USR_9575,81.78,89.99,2026-04-05,19,6,0
849,USR_7483,114.24,341.07,2025-10-03,12,4,0
218,USR_7925,125.91,196.4,2025-08-05,17,1,0
5,USR_2751,1696.71,30722.41,2025-08-11,2,0,1
769,USR_7644,69.87,125.01,2025-09-02,17,1,0
643,USR_7000,61.76,80.09,2025-07-12,12,5,0
930,USR_6367,93.52,206.02,2026-01-04,17,6,0
613,USR_4633,171.61,334.39,2025-11-09,19,6,0
739,USR_8398,57.37,33.48,2026-01-18,9,6,0
547,USR_7880,107.23,185.41,2026-03-23,13,0,0
726,USR_1961,52.71,28.17,2026-01-29,8,3,0
684,USR_2641,50.02,108.82,2026-06-11,14,3,0
99,USR_2355,57.47,32.89,2026-07-01,13,2,0
805,USR_7410,97.97,257.37,2026-01-25,10,6,0
728,USR_1008,170.73,477.46,2026-06-22,15,0,0
574,USR_5248,66.87,79.76,2025-08-20,6,2,0
407,USR_7119,23.15,31.78,2025-12-22,18,0,0
503,USR_2500,181.31,189.1,2026-03-10,8,1,0
48,USR_2180,1004.82,5042.08,2026-06-24,4,2,1
33,USR_4945,4609.64,90849.18,2026-02-21,1,5,1
780,USR_9872,107.56,117.37,2026-02-16,13,0,0
840,USR_1341,131.16,333.79,2025-08-07,10,3,0
201,USR_1881,137.21,111.17,2025-08-25,6,0,0
135,USR_1488,149.21,167.36,2026-04-22,16,2,0
28,USR_5614,994.35,8418.18,2025-08-12,23,1,1
881,USR_2797,112.44,330.55,2026-01-11,16,6,0
231,USR_1770,117.89,130.76,2026-02-28,17,5,0
490,USR_2884,142.21,365.19,2025-09-07,13,6,0
773,USR_5122,17.44,39.94,2025-10-19,7,6,0
379,USR_6879,160.63,475.18,2025-10-02,16,3,0
289,USR_1586,197.33,170.15,2025-09-18,12,3,0
419,USR_9151,18.24,13.97,2026-04-21,9,1,0
675,USR_9470,193.32,212.28,2025-12-29,6,0,0
392,USR_6595,176.85,281.13,2025-07-18,17,4,0
593,USR_2667,110.43,112.44,2026-04-27,14,0,0
499,USR_4987,191.52,399.35,2025-09-06,9,5,0
139,USR_7990,111.98,190.54,2025-11-27,10,3,0
63,USR_2019,189.41,560.99,2026-02-05,8,3,0
472,USR_8025,116.88,81.92,2025-07-25,16,4,0
648,USR_2237,74.61,202.76,2025-07-20,12,6,0
129,USR_6771,109.94,317.88,2026-01-14,14,2,0
977,USR_6743,32.85,91.22,2025-11-22,16,5,0
521,USR_7939,70.18,147.56,2026-03-14,8,5,0
839,USR_9211,49.96,100.97,2025-09-23,12,1,0
963,USR_8926,192.69,452.87,2026-05-07,6,3,0
65,USR_3895,51.92,113.64,2026-05-23,10,5,0
813,USR_1380,108.91,179.76,2025-10-03,6,4,0
15,USR_4843,1109.5,15607.96,2026-02-18,2,2,1
157,USR_4853,163.82,177.69,2025-11-08,19,5,0
41,USR_5142,2480.63,25596.1,2025-12-17,23,2,1
493,USR_7348,78.73,90.22,2025-09-21,15,6,0
380,USR_2557,94.16,89.76,2026-02-05,15,3,0
188,USR_4630,30.03,36.68,2025-07-12,19,5,0
764,USR_5185,60.86,86.88,2025-09-25,11,3,0
217,USR_4261,132.21,224.69,2026-03-04,11,2,0
792,USR_9751,10.53,24.78,2025-08-14,19,3,0
53,USR_1547,190.02,336.09,2026-06-15,11,0,0
879,USR_7201,74.82,199.31,2026-04-07,6,1,0
338,USR_7041,119.39,206.39,2026-06-16,7,1,0
749,USR_5624,67.95,128.11,2025-12-13,13,5,0
720,USR_1873,94.03,127.15,2025-09-17,16,2,0
725,USR_3424,64.35,85.5,2025-10-24,11,4,0
296,USR_1399,181.82,501.89,2025-11-04,13,1,0
702,USR_3824,118.2,131.1,2026-02-04,15,2,0
252,USR_8127,110.16,314.09,2025-12-30,17,1,0
727,USR_6108,61.58,120.23,2026-03-07,11,5,0
462,USR_2819,37.47,35.41,2025-11-12,20,2,0
456,USR_5662,90.26,245.43,2025-12-18,20,3,0
997,USR_5584,170.06,334.79,2025-12-12,19,4,0
816,USR_7616,164.94,209.83,2025-07-22,20,1,0
863,USR_8943,27.88,80.61,2026-01-12,17,0,0
270,USR_2432,187.62,156.06,2025-11-23,18,6,0
202,USR_2203,168.89,504.14,2025-09-13,10,5,0
162,USR_9933,182.55,508.52,2025-09-17,13,2,0
556,USR_5959,54.39,80.26,2026-06-05,17,4,0
730,USR_5507,180.22,265.67,2025-11-23,16,6,0
402,USR_7286,83.24,205.98,2026-02-07,17,5,0
703,USR_2654,195.04,449.87,2026-03-12,17,3,0
477,USR_3936,96.39,287.39,2025-11-23,8,6,0
822,USR_6875,30.66,60.86,2026-06-17,11,2,0
772,USR_6575,152.43,241.25,2026-01-12,8,0,0
106,USR_3450,191.97,550.58,2026-05-17,17,6,0
566,USR_3610,103.8,57.76,2026-02-28,17,5,0
390,USR_6894,29.42,43.47,2026-02-10,17,1,0
2,USR_2036,1399.5,24521.2,2025-08-16,3,5,1
938,USR_4982,46.03,103.06,2025-12-18,12,3,0
983,USR_8837,173.94,294.5,2025-07-27,11,6,0
562,USR_9458,110.3,100.21,2025-12-19,17,4,0
81,USR_6272,70.34,162.74,2026-02-26,6,3,0
206,USR_9595,138.15,240.34,2026-04-29,19,2,0
35,USR_9896,1965.88,32421.95,2026-01-18,2,6,1
776,USR_1909,161.32,183.92,2026-01-31,10,5,0
509,USR_4632,138.77,179.64,2026-05-28,16,3,0
428,USR_4774,195.83,362.01,2026-04-26,16,6,0
455,USR_2345,77.02,120.49,2025-10-15,13,2,0
367,USR_8718,71.91,115.13,2025-12-09,8,1,0
92,USR_2301,84.52,117.18,2025-12-26,9,4,0
340,USR_8576,46.9,66.1,2026-06-08,20,0,0
898,USR_4275,75.18,184.79,2026-01-19,13,0,0
565,USR_8850,182.05,542.46,2026-04-14,11,1,0
346,USR_9263,49.21,85.45,2025-08-28,17,3,0
777,USR_5910,65.6,59.17,2025-08-30,10,5,0
242,USR_1260,85.75,104.14,2025-10-17,12,4,0
14,USR_4878,3855.75,27229.53,2025-07-19,3,5,1
316,USR_9765,143.22,156.99,2026-03-24,17,1,0
601,USR_3170,94.49,121.3,2025-07-25,6,4,0
388,USR_1778,175.21,167.27,2025-12-01,14,0,0
274,USR_2065,118.72,174.88,2025-11-06,13,3,0
167,USR_9910,163.84,284.62,2026-05-08,10,4,0
841,USR_2933,46.21,31.33,2025-08-30,8,5,0
993,USR_7555,120.42,175.35,2025-08-24,20,6,0
647,USR_2246,189.53,128.15,2025-09-15,17,0,0
819,USR_2160,109.32,166.54,2026-05-10,12,6,0
485,USR_4524,104.21,125.34,2026-04-17,13,4,0
981,USR_6930,56.85,107.65,2026-05-15,6,4,0
505,USR_8205,154.21,121.19,2025-11-12,10,2,0
832,USR_7191,22.39,56.96,2026-02-26,7,3,0
244,USR_4310,167.54,89.93,2026-04-18,8,5,0
567,USR_8801,97.88,186.52,2026-04-05,10,6,0
876,USR_9739,79.89,113.91,2026-01-22,19,3,0
563,USR_2835,144.66,233.91,2026-03-12,7,3,0
687,USR_5082,139.37,237.45,2025-11-01,11,5,0
190,USR_7121,20.65,38.2,2026-01-21,12,2,0
783,USR_2930,25.26,21.84,2026-06-08,14,0,0
700,USR_5278,169.37,359.6,2025-09-02,8,1,0
476,USR_8756,79.68,79.83,2025-09-03,18,2,0
682,USR_2860,190.17,423.37,2025-10-11,16,5,0
511,USR_8164,103.18,288.96,2025-09-29,9,0,0
59,USR_1437,139.08,155.18,2026-03-29,14,6,0
475,USR_8907,157.74,94.65,2025-08-11,11,0,0
561,USR_3344,38.74,57.14,2026-03-21,15,5,0
857,USR_8349,148.62,434.0,2026-04-07,7,1,0
748,USR_9847,155.81,329.08,2025-07-27,16,6,0
253,USR_9664,144.73,147.43,2025-08-23,18,5,0
22,USR_1867,2445.65,31069.86,2026-03-27,2,4,1
314,USR_4804,127.97,144.88,2025-12-12,9,4,0
460,USR_8585,98.93,203.05,2025-12-11,13,3,0
161,USR_7515,87.73,66.0,2026-02-18,6,2,0
277,USR_5098,159.28,125.61,2025-08-26,19,1,0
956,USR_5300,124.9,114.88,2025-08-07,7,3,0
192,USR_3711,98.35,109.11,2025-10-03,13,4,0
386,USR_6483,77.31,114.42,2026-01-04,7,6,0
806,USR_7103,24.27,63.25,2026-03-21,13,5,0
414,USR_2367,175.44,157.5,2025-12-05,9,4,0
492,USR_8990,43.95,39.47,2026-02-13,9,4,0
344,USR_5887,34.62,49.17,2026-06-03,18,2,0
770,USR_5645,142.17,283.75,2025-08-15,10,4,0
309,USR_6785,93.13,125.19,2026-06-27,9,5,0
662,USR_7191,173.04,471.25,2025-10-10,10,4,0
131,USR_2327,156.09,191.97,2025-08-06,17,2,0
664,USR_9892,95.41,146.29,2025-11-16,9,6,0
872,USR_7529,30.18,69.88,2025-10-28,10,1,0
100,USR_5685,15.66,22.69,2026-01-18,12,6,0
373,USR_2281,120.54,109.01,2026-02-28,20,5,0
88,USR_3707,127.38,165.38,2026-04-11,15,5,0
459,USR_1531,139.88,104.76,2026-05-09,12,5,0
331,USR_9133,28.69,16.01,2026-06-16,17,1,0
215,USR_3277,124.76,87.27,2026-06-06,17,5,0
467,USR_3918,179.33,349.83,2025-10-17,9,4,0
122,USR_1502,171.8,138.69,2025-12-06,17,5,0
615,USR_5228,59.52,105.93,2026-05-16,11,5,0
21,USR_3689,2224.92,31056.31,2026-07-06,3,0,1
701,USR_7377,142.0,71.72,2026-01-04,17,6,0
72,USR_2480,12.41,19.81,2026-02-20,14,4,0
107,USR_5821,58.55,48.08,2025-09-12,13,4,0
271,USR_2720,93.57,203.11,2026-06-12,16,4,0
861,USR_2519,114.27,92.21,2026-03-09,7,0,0
436,USR_4139,44.72,117.45,2026-01-31,17,5,0
103,USR_3140,48.98,82.06,2026-04-09,9,3,0
