zone_id,date,volume,day_of_week
1,2025-07-08 14:15:44.265485,361.09,1
1,2025-07-09 14:15:44.265485,370.84,2
1,2025-07-10 14:15:44.265485,411.98,3
1,2025-07-11 14:15:44.265485,402.99,4
1,2025-07-12 14:15:44.265485,101.83,5
1,2025-07-13 14:15:44.265485,122.05,6
1,2025-07-14 14:15:44.265485,386.74,0
1,2025-07-15 14:15:44.265485,396.21,1
1,2025-07-16 14:15:44.265485,350.52,2
1,2025-07-17 14:15:44.265485,370.47,3
1,2025-07-18 14:15:44.265485,363.83,4
1,2025-07-19 14:15:44.265485,122.46,5
1,2025-07-20 14:15:44.265485,130.88,6
1,2025-07-21 14:15:44.265485,369.76,0
1,2025-07-22 14:15:44.265485,405.95,1
1,2025-07-23 14:15:44.265485,383.88,2
1,2025-07-24 14:15:44.265485,338.04,3
1,2025-07-25 14:15:44.265485,384.44,4
1,2025-07-26 14:15:44.265485,104.46,5
1,2025-07-27 14:15:44.265485,120.65,6
1,2025-07-28 14:15:44.265485,448.37,0
1,2025-07-29 14:15:44.265485,336.22,1
1,2025-07-30 14:15:44.265485,454.09,2
1,2025-07-31 14:15:44.265485,393.67,3
1,2025-08-01 14:15:44.265485,367.43,4
1,2025-08-02 14:15:44.265485,126.55,5
1,2025-08-03 14:15:44.265485,119.47,6
1,2025-08-04 14:15:44.265485,360.98,0
1,2025-08-05 14:15:44.265485,338.3,1
1,2025-08-06 14:15:44.265485,397.88,2
1,2025-08-07 14:15:44.265485,484.9,3
1,2025-08-08 14:15:44.265485,380.27,4
1,2025-08-09 14:15:44.265485,114.62,5
1,2025-08-10 14:15:44.265485,123.23,6
1,2025-08-11 14:15:44.265485,416.97,0
1,2025-08-12 14:15:44.265485,336.96,1
1,2025-08-13 14:15:44.265485,386.1,2
1,2025-08-14 14:15:44.265485,415.98,3
1,2025-08-15 14:15:44.265485,393.17,4
1,2025-08-16 14:15:44.265485,141.55,5
1,2025-08-17 14:15:44.265485,121.77,6
1,2025-08-18 14:15:44.265485,418.06,0
1,2025-08-19 14:15:44.265485,409.41,1
1,2025-08-20 14:15:44.265485,369.4,2
1,2025-08-21 14:15:44.265485,380.28,3
1,2025-08-22 14:15:44.265485,402.55,4
1,2025-08-23 14:15:44.265485,122.44,5
1,2025-08-24 14:15:44.265485,109.95,6
1,2025-08-25 14:15:44.265485,296.36,0
1,2025-08-26 14:15:44.265485,464.49,1
1,2025-08-27 14:15:44.265485,409.09,2
1,2025-08-28 14:15:44.265485,489.81,3
1,2025-08-29 14:15:44.265485,391.53,4
1,2025-08-30 14:15:44.265485,136.92,5
1,2025-08-31 14:15:44.265485,116.5,6
1,2025-09-01 14:15:44.265485,456.02,0
1,2025-09-02 14:15:44.265485,431.78,1
1,2025-09-03 14:15:44.265485,427.06,2
1,2025-09-04 14:15:44.265485,459.05,3
1,2025-09-05 14:15:44.265485,437.13,4
1,2025-09-06 14:15:44.265485,148.21,5
1,2025-09-07 14:15:44.265485,137.75,6
1,2025-09-08 14:15:44.265485,419.5,0
1,2025-09-09 14:15:44.265485,499.12,1
1,2025-09-10 14:15:44.265485,438.96,2
1,2025-09-11 14:15:44.265485,438.67,3
1,2025-09-12 14:15:44.265485,472.19,4
1,2025-09-13 14:15:44.265485,151.84,5
1,2025-09-14 14:15:44.265485,115.71,6
1,2025-09-15 14:15:44.265485,499.09,0
1,2025-09-16 14:15:44.265485,420.11,1
1,2025-09-17 14:15:44.265485,444.54,2
1,2025-09-18 14:15:44.265485,448.48,3
1,2025-09-19 14:15:44.265485,395.79,4
1,2025-09-20 14:15:44.265485,149.72,5
1,2025-09-21 14:15:44.265485,127.31,6
1,2025-09-22 14:15:44.265485,418.4,0
1,2025-09-23 14:15:44.265485,464.49,1
1,2025-09-24 14:15:44.265485,435.92,2
1,2025-09-25 14:15:44.265485,471.04,3
1,2025-09-26 14:15:44.265485,442.55,4
1,2025-09-27 14:15:44.265485,149.79,5
1,2025-09-28 14:15:44.265485,108.21,6
1,2025-09-29 14:15:44.265485,457.05,0
1,2025-09-30 14:15:44.265485,413.38,1
1,2025-10-01 14:15:44.265485,397.44,2
1,2025-10-02 14:15:44.265485,434.65,3
1,2025-10-03 14:15:44.265485,413.0,4
1,2025-10-04 14:15:44.265485,129.78,5
1,2025-10-05 14:15:44.265485,142.54,6
1,2025-10-06 14:15:44.265485,472.28,0
1,2025-10-07 14:15:44.265485,503.29,1
1,2025-10-08 14:15:44.265485,410.88,2
1,2025-10-09 14:15:44.265485,439.42,3
1,2025-10-10 14:15:44.265485,534.46,4
1,2025-10-11 14:15:44.265485,126.55,5
1,2025-10-12 14:15:44.265485,122.96,6
1,2025-10-13 14:15:44.265485,493.48,0
1,2025-10-14 14:15:44.265485,464.63,1
1,2025-10-15 14:15:44.265485,470.45,2
1,2025-10-16 14:15:44.265485,475.24,3
1,2025-10-17 14:15:44.265485,470.08,4
1,2025-10-18 14:15:44.265485,112.2,5
1,2025-10-19 14:15:44.265485,109.92,6
1,2025-10-20 14:15:44.265485,399.49,0
1,2025-10-21 14:15:44.265485,466.01,1
1,2025-10-22 14:15:44.265485,486.69,2
1,2025-10-23 14:15:44.265485,500.05,3
1,2025-10-24 14:15:44.265485,470.36,4
1,2025-10-25 14:15:44.265485,126.37,5
1,2025-10-26 14:15:44.265485,134.79,6
1,2025-10-27 14:15:44.265485,488.76,0
1,2025-10-28 14:15:44.265485,447.62,1
1,2025-10-29 14:15:44.265485,448.02,2
1,2025-10-30 14:15:44.265485,431.75,3
1,2025-10-31 14:15:44.265485,472.4,4
1,2025-11-01 14:15:44.265485,123.23,5
1,2025-11-02 14:15:44.265485,146.29,6
1,2025-11-03 14:15:44.265485,470.01,0
1,2025-11-04 14:15:44.265485,454.25,1
1,2025-11-05 14:15:44.265485,514.54,2
1,2025-11-06 14:15:44.265485,401.87,3
1,2025-11-07 14:15:44.265485,403.23,4
1,2025-11-08 14:15:44.265485,113.32,5
1,2025-11-09 14:15:44.265485,150.45,6
1,2025-11-10 14:15:44.265485,507.99,0
1,2025-11-11 14:15:44.265485,464.36,1
1,2025-11-12 14:15:44.265485,396.38,2
1,2025-11-13 14:15:44.265485,438.62,3
1,2025-11-14 14:15:44.265485,460.62,4
1,2025-11-15 14:15:44.265485,111.86,5
1,2025-11-16 14:15:44.265485,108.72,6
1,2025-11-17 14:15:44.265485,421.2,0
1,2025-11-18 14:15:44.265485,493.3,1
1,2025-11-19 14:15:44.265485,385.48,2
1,2025-11-20 14:15:44.265485,458.32,3
1,2025-11-21 14:15:44.265485,532.74,4
1,2025-11-22 14:15:44.265485,147.87,5
1,2025-11-23 14:15:44.265485,125.32,6
1,2025-11-24 14:15:44.265485,476.0,0
1,2025-11-25 14:15:44.265485,425.98,1
1,2025-11-26 14:15:44.265485,390.58,2
1,2025-11-27 14:15:44.265485,474.31,3
1,2025-11-28 14:15:44.265485,400.04,4
1,2025-11-29 14:15:44.265485,134.53,5
1,2025-11-30 14:15:44.265485,127.63,6
1,2025-12-01 14:15:44.265485,400.95,0
1,2025-12-02 14:15:44.265485,366.89,1
1,2025-12-03 14:15:44.265485,464.64,2
1,2025-12-04 14:15:44.265485,450.47,3
1,2025-12-05 14:15:44.265485,472.95,4
1,2025-12-06 14:15:44.265485,126.89,5
1,2025-12-07 14:15:44.265485,130.84,6
1,2025-12-08 14:15:44.265485,365.65,0
1,2025-12-09 14:15:44.265485,478.87,1
1,2025-12-10 14:15:44.265485,413.01,2
1,2025-12-11 14:15:44.265485,362.26,3
1,2025-12-12 14:15:44.265485,392.74,4
1,2025-12-13 14:15:44.265485,131.6,5
1,2025-12-14 14:15:44.265485,119.33,6
1,2025-12-15 14:15:44.265485,393.64,0
1,2025-12-16 14:15:44.265485,395.54,1
1,2025-12-17 14:15:44.265485,341.13,2
1,2025-12-18 14:15:44.265485,382.98,3
1,2025-12-19 14:15:44.265485,404.95,4
1,2025-12-20 14:15:44.265485,140.66,5
1,2025-12-21 14:15:44.265485,145.89,6
1,2025-12-22 14:15:44.265485,424.34,0
1,2025-12-23 14:15:44.265485,375.08,1
1,2025-12-24 14:15:44.265485,314.95,2
1,2025-12-25 14:15:44.265485,370.89,3
1,2025-12-26 14:15:44.265485,399.21,4
1,2025-12-27 14:15:44.265485,125.33,5
1,2025-12-28 14:15:44.265485,112.05,6
1,2025-12-29 14:15:44.265485,357.37,0
1,2025-12-30 14:15:44.265485,339.21,1
1,2025-12-31 14:15:44.265485,384.28,2
1,2026-01-01 14:15:44.265485,396.58,3
1,2026-01-02 14:15:44.265485,381.18,4
1,2026-01-03 14:15:44.265485,132.49,5
1,2026-01-04 14:15:44.265485,108.43,6
1,2026-01-05 14:15:44.265993,368.23,0
1,2026-01-06 14:15:44.265993,437.42,1
1,2026-01-07 14:15:44.265993,347.85,2
1,2026-01-08 14:15:44.265993,364.34,3
1,2026-01-09 14:15:44.265993,365.87,4
1,2026-01-10 14:15:44.265993,130.92,5
1,2026-01-11 14:15:44.265993,111.18,6
1,2026-01-12 14:15:44.265993,371.98,0
1,2026-01-13 14:15:44.265993,368.42,1
1,2026-01-14 14:15:44.265993,353.17,2
1,2026-01-15 14:15:44.265993,299.85,3
1,2026-01-16 14:15:44.265993,327.36,4
1,2026-01-17 14:15:44.265993,109.46,5
1,2026-01-18 14:15:44.265993,109.34,6
1,2026-01-19 14:15:44.265993,332.19,0
1,2026-01-20 14:15:44.265993,295.21,1
1,2026-01-21 14:15:44.265993,389.71,2
1,2026-01-22 14:15:44.265993,384.62,3
1,2026-01-23 14:15:44.265993,335.79,4
1,2026-01-24 14:15:44.265993,110.35,5
1,2026-01-25 14:15:44.265993,80.75,6
1,2026-01-26 14:15:44.265993,332.01,0
1,2026-01-27 14:15:44.265993,344.01,1
1,2026-01-28 14:15:44.265993,285.87,2
1,2026-01-29 14:15:44.265993,287.17,3
1,2026-01-30 14:15:44.265993,310.84,4
1,2026-01-31 14:15:44.265993,109.31,5
1,2026-02-01 14:15:44.265993,89.36,6
1,2026-02-02 14:15:44.265993,367.93,0
1,2026-02-03 14:15:44.265993,243.27,1
1,2026-02-04 14:15:44.265993,338.02,2
1,2026-02-05 14:15:44.265993,434.61,3
1,2026-02-06 14:15:44.265993,380.88,4
1,2026-02-07 14:15:44.265993,103.89,5
1,2026-02-08 14:15:44.265993,100.77,6
1,2026-02-09 14:15:44.265993,293.23,0
1,2026-02-10 14:15:44.265993,349.0,1
1,2026-02-11 14:15:44.265993,335.64,2
1,2026-02-12 14:15:44.265993,352.93,3
1,2026-02-13 14:15:44.265993,330.46,4
1,2026-02-14 14:15:44.265993,125.66,5
1,2026-02-15 14:15:44.265993,94.16,6
1,2026-02-16 14:15:44.265993,379.19,0
1,2026-02-17 14:15:44.265993,294.71,1
1,2026-02-18 14:15:44.265993,329.73,2
1,2026-02-19 14:15:44.265993,266.02,3
1,2026-02-20 14:15:44.265993,316.17,4
1,2026-02-21 14:15:44.265993,91.16,5
1,2026-02-22 14:15:44.265993,83.12,6
1,2026-02-23 14:15:44.265993,352.74,0
1,2026-02-24 14:15:44.265993,385.01,1
1,2026-02-25 14:15:44.265993,319.65,2
1,2026-02-26 14:15:44.265993,288.55,3
1,2026-02-27 14:15:44.265993,291.25,4
1,2026-02-28 14:15:44.265993,99.34,5
1,2026-03-01 14:15:44.265993,98.81,6
1,2026-03-02 14:15:44.265993,315.7,0
1,2026-03-03 14:15:44.265993,330.41,1
1,2026-03-04 14:15:44.265993,296.9,2
1,2026-03-05 14:15:44.265993,309.62,3
1,2026-03-06 14:15:44.265993,318.15,4
1,2026-03-07 14:15:44.265993,82.16,5
1,2026-03-08 14:15:44.265993,91.04,6
1,2026-03-09 14:15:44.265993,282.65,0
1,2026-03-10 14:15:44.265993,348.51,1
1,2026-03-11 14:15:44.265993,294.6,2
1,2026-03-12 14:15:44.265993,356.18,3
1,2026-03-13 14:15:44.265993,339.02,4
1,2026-03-14 14:15:44.265993,90.63,5
1,2026-03-15 14:15:44.265993,94.41,6
1,2026-03-16 14:15:44.265993,251.77,0
1,2026-03-17 14:15:44.265993,283.47,1
1,2026-03-18 14:15:44.265993,344.84,2
1,2026-03-19 14:15:44.265993,282.55,3
1,2026-03-20 14:15:44.265993,274.29,4
1,2026-03-21 14:15:44.265993,94.48,5
1,2026-03-22 14:15:44.265993,92.2,6
1,2026-03-23 14:15:44.265993,330.43,0
1,2026-03-24 14:15:44.265993,288.45,1
1,2026-03-25 14:15:44.265993,299.7,2
1,2026-03-26 14:15:44.265993,374.08,3
1,2026-03-27 14:15:44.265993,249.27,4
1,2026-03-28 14:15:44.265993,91.7,5
1,2026-03-29 14:15:44.265993,78.27,6
1,2026-03-30 14:15:44.265993,342.16,0
1,2026-03-31 14:15:44.265993,331.61,1
1,2026-04-01 14:15:44.265993,273.37,2
1,2026-04-02 14:15:44.265993,301.91,3
1,2026-04-03 14:15:44.265993,298.79,4
1,2026-04-04 14:15:44.265993,75.38,5
1,2026-04-05 14:15:44.265993,93.19,6
1,2026-04-06 14:15:44.265993,281.53,0
1,2026-04-07 14:15:44.265993,256.53,1
1,2026-04-08 14:15:44.265993,265.22,2
1,2026-04-09 14:15:44.265993,321.13,3
1,2026-04-10 14:15:44.265993,302.07,4
1,2026-04-11 14:15:44.265993,102.39,5
1,2026-04-12 14:15:44.265993,87.59,6
1,2026-04-13 14:15:44.265993,319.91,0
1,2026-04-14 14:15:44.265993,334.49,1
1,2026-04-15 14:15:44.265993,302.1,2
1,2026-04-16 14:15:44.265993,310.57,3
1,2026-04-17 14:15:44.265993,315.13,4
1,2026-04-18 14:15:44.265993,88.15,5
1,2026-04-19 14:15:44.265993,89.85,6
1,2026-04-20 14:15:44.265993,316.3,0
1,2026-04-21 14:15:44.265993,302.77,1
1,2026-04-22 14:15:44.265993,320.36,2
1,2026-04-23 14:15:44.265993,267.73,3
1,2026-04-24 14:15:44.265993,281.98,4
1,2026-04-25 14:15:44.265993,88.65,5
1,2026-04-26 14:15:44.265993,99.25,6
1,2026-04-27 14:15:44.265993,316.03,0
1,2026-04-28 14:15:44.265993,356.38,1
1,2026-04-29 14:15:44.265993,301.3,2
1,2026-04-30 14:15:44.265993,303.61,3
1,2026-05-01 14:15:44.265993,377.07,4
1,2026-05-02 14:15:44.265993,107.87,5
1,2026-05-03 14:15:44.265993,93.47,6
1,2026-05-04 14:15:44.265993,291.75,0
1,2026-05-05 14:15:44.265993,345.27,1
1,2026-05-06 14:15:44.265993,290.62,2
1,2026-05-07 14:15:44.265993,349.5,3
1,2026-05-08 14:15:44.265993,366.78,4
1,2026-05-09 14:15:44.265993,83.59,5
1,2026-05-10 14:15:44.265993,83.38,6
1,2026-05-11 14:15:44.265993,328.33,0
1,2026-05-12 14:15:44.265993,288.86,1
1,2026-05-13 14:15:44.265993,340.46,2
1,2026-05-14 14:15:44.265993,274.89,3
1,2026-05-15 14:15:44.265993,317.28,4
1,2026-05-16 14:15:44.265993,97.44,5
1,2026-05-17 14:15:44.265993,75.54,6
1,2026-05-18 14:15:44.265993,354.16,0
1,2026-05-19 14:15:44.265993,252.42,1
1,2026-05-20 14:15:44.265993,293.68,2
1,2026-05-21 14:15:44.265993,303.44,3
1,2026-05-22 14:15:44.265993,284.94,4
1,2026-05-23 14:15:44.265993,102.94,5
1,2026-05-24 14:15:44.265993,104.0,6
1,2026-05-25 14:15:44.265993,399.15,0
1,2026-05-26 14:15:44.265993,275.94,1
1,2026-05-27 14:15:44.265993,301.84,2
1,2026-05-28 14:15:44.265993,299.81,3
1,2026-05-29 14:15:44.265993,356.65,4
1,2026-05-30 14:15:44.265993,93.66,5
1,2026-05-31 14:15:44.265993,108.53,6
1,2026-06-01 14:15:44.265993,306.92,0
1,2026-06-02 14:15:44.265993,304.07,1
1,2026-06-03 14:15:44.265993,356.9,2
1,2026-06-04 14:15:44.265993,249.64,3
1,2026-06-05 14:15:44.265993,304.94,4
1,2026-06-06 14:15:44.265993,88.97,5
1,2026-06-07 14:15:44.265993,81.41,6
1,2026-06-08 14:15:44.265993,352.96,0
1,2026-06-09 14:15:44.265993,333.23,1
1,2026-06-10 14:15:44.265993,338.53,2
1,2026-06-11 14:15:44.265993,356.05,3
1,2026-06-12 14:15:44.265993,333.88,4
1,2026-06-13 14:15:44.265993,104.75,5
1,2026-06-14 14:15:44.265993,117.11,6
1,2026-06-15 14:15:44.265993,326.19,0
1,2026-06-16 14:15:44.265993,320.18,1
1,2026-06-17 14:15:44.265993,296.47,2
1,2026-06-18 14:15:44.265993,326.7,3
1,2026-06-19 14:15:44.265993,316.86,4
1,2026-06-20 14:15:44.265993,103.01,5
1,2026-06-21 14:15:44.265993,104.47,6
1,2026-06-22 14:15:44.265993,381.03,0
1,2026-06-23 14:15:44.265993,326.6,1
1,2026-06-24 14:15:44.265993,377.51,2
1,2026-06-25 14:15:44.265993,310.85,3
1,2026-06-26 14:15:44.265993,360.8,4
1,2026-06-27 14:15:44.265993,109.04,5
1,2026-06-28 14:15:44.265993,112.7,6
1,2026-06-29 14:15:44.265993,342.27,0
1,2026-06-30 14:15:44.265993,357.91,1
1,2026-07-01 14:15:44.265993,404.25,2
1,2026-07-02 14:15:44.265993,341.05,3
1,2026-07-03 14:15:44.265993,381.59,4
1,2026-07-04 14:15:44.265993,102.97,5
1,2026-07-05 14:15:44.265993,107.27,6
1,2026-07-06 14:15:44.265993,436.23,0
1,2026-07-07 14:15:44.265993,340.28,1
2,2025-07-08 14:15:44.268998,311.61,1
2,2025-07-09 14:15:44.268998,326.98,2
2,2025-07-10 14:15:44.268998,351.98,3
2,2025-07-11 14:15:44.268998,297.68,4
2,2025-07-12 14:15:44.268998,87.44,5
2,2025-07-13 14:15:44.268998,89.32,6
2,2025-07-14 14:15:44.268998,239.6,0
2,2025-07-15 14:15:44.268998,282.46,1
2,2025-07-16 14:15:44.268998,277.71,2
2,2025-07-17 14:15:44.268998,318.68,3
2,2025-07-18 14:15:44.268998,322.96,4
2,2025-07-19 14:15:44.268998,90.67,5
2,2025-07-20 14:15:44.268998,95.77,6
2,2025-07-21 14:15:44.268998,357.92,0
2,2025-07-22 14:15:44.268998,295.48,1
2,2025-07-23 14:15:44.268998,296.89,2
2,2025-07-24 14:15:44.268998,327.23,3
2,2025-07-25 14:15:44.268998,322.84,4
2,2025-07-26 14:15:44.268998,108.53,5
2,2025-07-27 14:15:44.268998,78.27,6
2,2025-07-28 14:15:44.268998,280.68,0
2,2025-07-29 14:15:44.268998,342.35,1
2,2025-07-30 14:15:44.268998,263.36,2
2,2025-07-31 14:15:44.268998,312.73,3
2,2025-08-01 14:15:44.268998,383.94,4
2,2025-08-02 14:15:44.268998,78.54,5
2,2025-08-03 14:15:44.268998,95.08,6
2,2025-08-04 14:15:44.268998,320.08,0
2,2025-08-05 14:15:44.268998,339.44,1
2,2025-08-06 14:15:44.268998,347.43,2
2,2025-08-07 14:15:44.268998,322.15,3
2,2025-08-08 14:15:44.268998,298.44,4
2,2025-08-09 14:15:44.268998,81.72,5
2,2025-08-10 14:15:44.268998,92.41,6
2,2025-08-11 14:15:44.268998,318.37,0
2,2025-08-12 14:15:44.268998,326.0,1
2,2025-08-13 14:15:44.268998,269.69,2
2,2025-08-14 14:15:44.268998,285.64,3
2,2025-08-15 14:15:44.268998,287.56,4
2,2025-08-16 14:15:44.268998,90.49,5
2,2025-08-17 14:15:44.268998,106.4,6
2,2025-08-18 14:15:44.268998,325.11,0
2,2025-08-19 14:15:44.268998,335.15,1
2,2025-08-20 14:15:44.268998,313.46,2
2,2025-08-21 14:15:44.268998,353.45,3
2,2025-08-22 14:15:44.268998,400.2,4
2,2025-08-23 14:15:44.268998,104.27,5
2,2025-08-24 14:15:44.268998,104.87,6
2,2025-08-25 14:15:44.268998,342.89,0
2,2025-08-26 14:15:44.268998,381.83,1
2,2025-08-27 14:15:44.268998,308.81,2
2,2025-08-28 14:15:44.268998,330.38,3
2,2025-08-29 14:15:44.268998,358.65,4
2,2025-08-30 14:15:44.268998,97.76,5
2,2025-08-31 14:15:44.268998,90.79,6
2,2025-09-01 14:15:44.268998,245.84,0
2,2025-09-02 14:15:44.268998,317.42,1
2,2025-09-03 14:15:44.268998,361.62,2
2,2025-09-04 14:15:44.268998,363.96,3
2,2025-09-05 14:15:44.268998,307.85,4
2,2025-09-06 14:15:44.268998,99.28,5
2,2025-09-07 14:15:44.268998,97.74,6
2,2025-09-08 14:15:44.268998,350.53,0
2,2025-09-09 14:15:44.268998,361.66,1
2,2025-09-10 14:15:44.268998,415.46,2
2,2025-09-11 14:15:44.268998,331.98,3
2,2025-09-12 14:15:44.268998,367.47,4
2,2025-09-13 14:15:44.268998,108.79,5
2,2025-09-14 14:15:44.268998,91.26,6
2,2025-09-15 14:15:44.268998,360.2,0
2,2025-09-16 14:15:44.268998,405.75,1
2,2025-09-17 14:15:44.268998,329.62,2
2,2025-09-18 14:15:44.268998,358.9,3
2,2025-09-19 14:15:44.268998,343.26,4
2,2025-09-20 14:15:44.268998,108.76,5
2,2025-09-21 14:15:44.268998,113.64,6
2,2025-09-22 14:15:44.268998,343.38,0
2,2025-09-23 14:15:44.268998,286.99,1
2,2025-09-24 14:15:44.268998,301.93,2
2,2025-09-25 14:15:44.268998,346.02,3
2,2025-09-26 14:15:44.268998,363.77,4
2,2025-09-27 14:15:44.268998,97.15,5
2,2025-09-28 14:15:44.268998,98.76,6
2,2025-09-29 14:15:44.268998,397.07,0
2,2025-09-30 14:15:44.268998,366.54,1
2,2025-10-01 14:15:44.268998,306.78,2
2,2025-10-02 14:15:44.268998,325.69,3
2,2025-10-03 14:15:44.268998,389.38,4
2,2025-10-04 14:15:44.268998,90.18,5
2,2025-10-05 14:15:44.268998,106.22,6
2,2025-10-06 14:15:44.268998,341.37,0
2,2025-10-07 14:15:44.268998,371.74,1
2,2025-10-08 14:15:44.268998,363.31,2
2,2025-10-09 14:15:44.268998,271.77,3
2,2025-10-10 14:15:44.268998,334.17,4
2,2025-10-11 14:15:44.268998,110.52,5
2,2025-10-12 14:15:44.268998,111.16,6
2,2025-10-13 14:15:44.268998,413.87,0
2,2025-10-14 14:15:44.268998,357.8,1
2,2025-10-15 14:15:44.268998,306.04,2
2,2025-10-16 14:15:44.268998,347.83,3
2,2025-10-17 14:15:44.268998,338.4,4
2,2025-10-18 14:15:44.268998,90.27,5
2,2025-10-19 14:15:44.268998,108.24,6
2,2025-10-20 14:15:44.268998,331.25,0
2,2025-10-21 14:15:44.268998,298.69,1
2,2025-10-22 14:15:44.268998,337.41,2
2,2025-10-23 14:15:44.268998,402.62,3
2,2025-10-24 14:15:44.268998,394.45,4
2,2025-10-25 14:15:44.268998,113.8,5
2,2025-10-26 14:15:44.268998,110.67,6
2,2025-10-27 14:15:44.268998,315.21,0
2,2025-10-28 14:15:44.268998,295.32,1
2,2025-10-29 14:15:44.268998,388.85,2
2,2025-10-30 14:15:44.268998,340.34,3
2,2025-10-31 14:15:44.268998,324.32,4
2,2025-11-01 14:15:44.268998,108.7,5
2,2025-11-02 14:15:44.268998,97.11,6
2,2025-11-03 14:15:44.268998,287.2,0
2,2025-11-04 14:15:44.268998,327.69,1
2,2025-11-05 14:15:44.268998,324.3,2
2,2025-11-06 14:15:44.268998,314.14,3
2,2025-11-07 14:15:44.268998,399.11,4
2,2025-11-08 14:15:44.268998,88.34,5
2,2025-11-09 14:15:44.268998,104.19,6
2,2025-11-10 14:15:44.268998,235.1,0
2,2025-11-11 14:15:44.268998,296.29,1
2,2025-11-12 14:15:44.268998,301.73,2
2,2025-11-13 14:15:44.268998,384.78,3
2,2025-11-14 14:15:44.268998,285.71,4
2,2025-11-15 14:15:44.268998,106.1,5
2,2025-11-16 14:15:44.268998,86.57,6
2,2025-11-17 14:15:44.268998,358.26,0
2,2025-11-18 14:15:44.268998,317.66,1
2,2025-11-19 14:15:44.268998,305.68,2
2,2025-11-20 14:15:44.268998,348.39,3
2,2025-11-21 14:15:44.268998,323.34,4
2,2025-11-22 14:15:44.268998,112.77,5
2,2025-11-23 14:15:44.268998,100.86,6
2,2025-11-24 14:15:44.268998,318.74,0
2,2025-11-25 14:15:44.268998,272.28,1
2,2025-11-26 14:15:44.268998,312.94,2
2,2025-11-27 14:15:44.268998,287.77,3
2,2025-11-28 14:15:44.268998,337.37,4
2,2025-11-29 14:15:44.268998,87.3,5
2,2025-11-30 14:15:44.268998,90.66,6
2,2025-12-01 14:15:44.268998,302.92,0
2,2025-12-02 14:15:44.268998,291.82,1
2,2025-12-03 14:15:44.268998,299.43,2
2,2025-12-04 14:15:44.268998,295.09,3
2,2025-12-05 14:15:44.268998,400.19,4
2,2025-12-06 14:15:44.268998,112.42,5
2,2025-12-07 14:15:44.268998,100.94,6
2,2025-12-08 14:15:44.268998,288.77,0
2,2025-12-09 14:15:44.268998,385.29,1
2,2025-12-10 14:15:44.268998,317.45,2
2,2025-12-11 14:15:44.268998,300.79,3
2,2025-12-12 14:15:44.268998,301.27,4
2,2025-12-13 14:15:44.268998,89.92,5
2,2025-12-14 14:15:44.268998,101.9,6
2,2025-12-15 14:15:44.268998,280.94,0
2,2025-12-16 14:15:44.268998,393.75,1
2,2025-12-17 14:15:44.268998,300.47,2
2,2025-12-18 14:15:44.268998,283.52,3
2,2025-12-19 14:15:44.268998,332.45,4
2,2025-12-20 14:15:44.268998,103.84,5
2,2025-12-21 14:15:44.268998,79.63,6
2,2025-12-22 14:15:44.268998,237.76,0
2,2025-12-23 14:15:44.268998,223.41,1
2,2025-12-24 14:15:44.268998,353.09,2
2,2025-12-25 14:15:44.268998,306.15,3
2,2025-12-26 14:15:44.268998,280.19,4
2,2025-12-27 14:15:44.268998,86.53,5
2,2025-12-28 14:15:44.268998,94.23,6
2,2025-12-29 14:15:44.268998,302.67,0
2,2025-12-30 14:15:44.268998,291.66,1
2,2025-12-31 14:15:44.268998,261.63,2
2,2026-01-01 14:15:44.268998,314.03,3
2,2026-01-02 14:15:44.268998,288.61,4
2,2026-01-03 14:15:44.268998,81.89,5
2,2026-01-04 14:15:44.268998,102.33,6
2,2026-01-05 14:15:44.268998,297.96,0
2,2026-01-06 14:15:44.268998,275.52,1
2,2026-01-07 14:15:44.268998,284.73,2
2,2026-01-08 14:15:44.268998,308.51,3
2,2026-01-09 14:15:44.268998,312.65,4
2,2026-01-10 14:15:44.268998,86.48,5
2,2026-01-11 14:15:44.268998,87.86,6
2,2026-01-12 14:15:44.268998,289.17,0
2,2026-01-13 14:15:44.268998,242.26,1
2,2026-01-14 14:15:44.268998,280.24,2
2,2026-01-15 14:15:44.268998,326.29,3
2,2026-01-16 14:15:44.268998,242.78,4
2,2026-01-17 14:15:44.268998,72.06,5
2,2026-01-18 14:15:44.268998,65.04,6
2,2026-01-19 14:15:44.268998,278.77,0
2,2026-01-20 14:15:44.268998,283.29,1
2,2026-01-21 14:15:44.268998,296.07,2
2,2026-01-22 14:15:44.268998,216.62,3
2,2026-01-23 14:15:44.268998,252.65,4
2,2026-01-24 14:15:44.268998,87.78,5
2,2026-01-25 14:15:44.268998,72.97,6
2,2026-01-26 14:15:44.268998,272.15,0
2,2026-01-27 14:15:44.268998,252.78,1
2,2026-01-28 14:15:44.268998,276.51,2
2,2026-01-29 14:15:44.268998,257.44,3
2,2026-01-30 14:15:44.268998,229.06,4
2,2026-01-31 14:15:44.268998,85.56,5
2,2026-02-01 14:15:44.268998,80.03,6
2,2026-02-02 14:15:44.268998,241.98,0
2,2026-02-03 14:15:44.268998,282.19,1
2,2026-02-04 14:15:44.268998,267.33,2
2,2026-02-05 14:15:44.268998,264.07,3
2,2026-02-06 14:15:44.268998,284.21,4
2,2026-02-07 14:15:44.268998,66.0,5
2,2026-02-08 14:15:44.268998,85.02,6
2,2026-02-09 14:15:44.268998,235.37,0
2,2026-02-10 14:15:44.268998,237.5,1
2,2026-02-11 14:15:44.268998,282.67,2
2,2026-02-12 14:15:44.268998,233.1,3
2,2026-02-13 14:15:44.268998,232.48,4
2,2026-02-14 14:15:44.268998,71.75,5
2,2026-02-15 14:15:44.268998,64.13,6
2,2026-02-16 14:15:44.268998,224.22,0
2,2026-02-17 14:15:44.268998,279.51,1
2,2026-02-18 14:15:44.268998,306.2,2
2,2026-02-19 14:15:44.268998,235.97,3
2,2026-02-20 14:15:44.268998,247.35,4
2,2026-02-21 14:15:44.268998,82.76,5
2,2026-02-22 14:15:44.268998,82.31,6
2,2026-02-23 14:15:44.268998,280.85,0
2,2026-02-24 14:15:44.268998,260.74,1
2,2026-02-25 14:15:44.268998,243.78,2
2,2026-02-26 14:15:44.268998,241.96,3
2,2026-02-27 14:15:44.268998,228.35,4
2,2026-02-28 14:15:44.268998,59.03,5
2,2026-03-01 14:15:44.268998,68.95,6
2,2026-03-02 14:15:44.268998,246.49,0
2,2026-03-03 14:15:44.268998,261.29,1
2,2026-03-04 14:15:44.268998,268.74,2
2,2026-03-05 14:15:44.268998,243.59,3
2,2026-03-06 14:15:44.268998,240.82,4
2,2026-03-07 14:15:44.268998,69.66,5
2,2026-03-08 14:15:44.268998,59.82,6
2,2026-03-09 14:15:44.268998,249.15,0
2,2026-03-10 14:15:44.268998,262.39,1
2,2026-03-11 14:15:44.268998,271.59,2
2,2026-03-12 14:15:44.268998,247.31,3
2,2026-03-13 14:15:44.268998,237.8,4
2,2026-03-14 14:15:44.268998,71.79,5
2,2026-03-15 14:15:44.268998,70.68,6
2,2026-03-16 14:15:44.268998,212.75,0
2,2026-03-17 14:15:44.268998,230.54,1
2,2026-03-18 14:15:44.268998,242.93,2
2,2026-03-19 14:15:44.268998,216.41,3
2,2026-03-20 14:15:44.268998,254.29,4
2,2026-03-21 14:15:44.268998,74.85,5
2,2026-03-22 14:15:44.268998,68.53,6
2,2026-03-23 14:15:44.268998,262.75,0
2,2026-03-24 14:15:44.268998,276.66,1
2,2026-03-25 14:15:44.268998,234.44,2
2,2026-03-26 14:15:44.268998,217.81,3
2,2026-03-27 14:15:44.268998,228.62,4
2,2026-03-28 14:15:44.268998,63.03,5
2,2026-03-29 14:15:44.268998,63.68,6
2,2026-03-30 14:15:44.268998,239.91,0
2,2026-03-31 14:15:44.268998,237.08,1
2,2026-04-01 14:15:44.268998,223.34,2
2,2026-04-02 14:15:44.268998,262.49,3
2,2026-04-03 14:15:44.268998,229.84,4
2,2026-04-04 14:15:44.268998,66.16,5
2,2026-04-05 14:15:44.268998,57.1,6
2,2026-04-06 14:15:44.268998,275.03,0
2,2026-04-07 14:15:44.268998,217.76,1
2,2026-04-08 14:15:44.268998,232.3,2
2,2026-04-09 14:15:44.268998,274.72,3
2,2026-04-10 14:15:44.268998,236.92,4
2,2026-04-11 14:15:44.268998,73.75,5
2,2026-04-12 14:15:44.268998,67.37,6
2,2026-04-13 14:15:44.268998,274.15,0
2,2026-04-14 14:15:44.268998,271.56,1
2,2026-04-15 14:15:44.268998,248.78,2
2,2026-04-16 14:15:44.268998,205.63,3
2,2026-04-17 14:15:44.268998,213.8,4
2,2026-04-18 14:15:44.268998,56.27,5
2,2026-04-19 14:15:44.268998,73.21,6
2,2026-04-20 14:15:44.268998,218.6,0
2,2026-04-21 14:15:44.268998,256.94,1
2,2026-04-22 14:15:44.268998,227.32,2
2,2026-04-23 14:15:44.268998,238.38,3
2,2026-04-24 14:15:44.268998,245.58,4
2,2026-04-25 14:15:44.268998,81.11,5
2,2026-04-26 14:15:44.268998,77.87,6
2,2026-04-27 14:15:44.268998,228.64,0
2,2026-04-28 14:15:44.268998,204.93,1
2,2026-04-29 14:15:44.268998,200.54,2
2,2026-04-30 14:15:44.268998,241.36,3
2,2026-05-01 14:15:44.268998,234.32,4
2,2026-05-02 14:15:44.268998,73.57,5
2,2026-05-03 14:15:44.268998,59.24,6
2,2026-05-04 14:15:44.268998,259.94,0
2,2026-05-05 14:15:44.268998,210.96,1
2,2026-05-06 14:15:44.268998,205.94,2
2,2026-05-07 14:15:44.268998,208.51,3
2,2026-05-08 14:15:44.268998,264.05,4
2,2026-05-09 14:15:44.268998,72.21,5
2,2026-05-10 14:15:44.268998,52.67,6
2,2026-05-11 14:15:44.268998,265.79,0
2,2026-05-12 14:15:44.268998,235.86,1
2,2026-05-13 14:15:44.268998,270.81,2
2,2026-05-14 14:15:44.268998,239.09,3
2,2026-05-15 14:15:44.268998,231.27,4
2,2026-05-16 14:15:44.268998,70.7,5
2,2026-05-17 14:15:44.268998,79.47,6
2,2026-05-18 14:15:44.268998,271.18,0
2,2026-05-19 14:15:44.268998,252.5,1
2,2026-05-20 14:15:44.268998,252.53,2
2,2026-05-21 14:15:44.268998,213.52,3
2,2026-05-22 14:15:44.268998,236.89,4
2,2026-05-23 14:15:44.268998,65.79,5
2,2026-05-24 14:15:44.268998,74.34,6
2,2026-05-25 14:15:44.268998,259.66,0
2,2026-05-26 14:15:44.268998,279.94,1
2,2026-05-27 14:15:44.268998,280.7,2
2,2026-05-28 14:15:44.268998,242.4,3
2,2026-05-29 14:15:44.268998,229.99,4
2,2026-05-30 14:15:44.268998,76.48,5
2,2026-05-31 14:15:44.268998,82.31,6
2,2026-06-01 14:15:44.268998,255.32,0
2,2026-06-02 14:15:44.268998,274.44,1
2,2026-06-03 14:15:44.268998,246.48,2
2,2026-06-04 14:15:44.268998,240.08,3
2,2026-06-05 14:15:44.268998,248.44,4
2,2026-06-06 14:15:44.268998,69.95,5
2,2026-06-07 14:15:44.268998,78.53,6
2,2026-06-08 14:15:44.268998,273.73,0
2,2026-06-09 14:15:44.268998,249.68,1
2,2026-06-10 14:15:44.268998,240.24,2
2,2026-06-11 14:15:44.268998,218.51,3
2,2026-06-12 14:15:44.268998,258.4,4
2,2026-06-13 14:15:44.268998,80.53,5
2,2026-06-14 14:15:44.268998,78.61,6
2,2026-06-15 14:15:44.268998,298.3,0
2,2026-06-16 14:15:44.268998,276.84,1
2,2026-06-17 14:15:44.268998,323.5,2
2,2026-06-18 14:15:44.268998,243.66,3
2,2026-06-19 14:15:44.268998,311.24,4
2,2026-06-20 14:15:44.268998,71.9,5
2,2026-06-21 14:15:44.268998,89.88,6
2,2026-06-22 14:15:44.268998,248.79,0
2,2026-06-23 14:15:44.268998,299.57,1
2,2026-06-24 14:15:44.268998,255.1,2
2,2026-06-25 14:15:44.268998,269.92,3
2,2026-06-26 14:15:44.268998,275.68,4
2,2026-06-27 14:15:44.268998,76.81,5
2,2026-06-28 14:15:44.268998,71.82,6
2,2026-06-29 14:15:44.268998,283.11,0
2,2026-06-30 14:15:44.268998,289.73,1
2,2026-07-01 14:15:44.268998,239.63,2
2,2026-07-02 14:15:44.268998,309.44,3
2,2026-07-03 14:15:44.268998,332.16,4
2,2026-07-04 14:15:44.268998,87.52,5
2,2026-07-05 14:15:44.268998,81.79,6
2,2026-07-06 14:15:44.268998,277.8,0
2,2026-07-07 14:15:44.268998,288.24,1
3,2025-07-08 14:15:44.271998,383.71,1
3,2025-07-09 14:15:44.271998,395.07,2
3,2025-07-10 14:15:44.271998,416.01,3
3,2025-07-11 14:15:44.271998,371.19,4
3,2025-07-12 14:15:44.271998,135.0,5
3,2025-07-13 14:15:44.271998,114.59,6
3,2025-07-14 14:15:44.271998,413.0,0
3,2025-07-15 14:15:44.271998,319.23,1
3,2025-07-16 14:15:44.271998,334.69,2
3,2025-07-17 14:15:44.271998,394.09,3
3,2025-07-18 14:15:44.271998,387.35,4
3,2025-07-19 14:15:44.271998,138.41,5
3,2025-07-20 14:15:44.271998,122.73,6
3,2025-07-21 14:15:44.271998,412.02,0
3,2025-07-22 14:15:44.271998,384.32,1
3,2025-07-23 14:15:44.271998,377.0,2
3,2025-07-24 14:15:44.271998,341.76,3
3,2025-07-25 14:15:44.271998,409.85,4
3,2025-07-26 14:15:44.271998,119.63,5
3,2025-07-27 14:15:44.271998,124.49,6
3,2025-07-28 14:15:44.271998,362.37,0
3,2025-07-29 14:15:44.271998,398.61,1
3,2025-07-30 14:15:44.271998,370.05,2
3,2025-07-31 14:15:44.271998,408.33,3
3,2025-08-01 14:15:44.271998,417.63,4
3,2025-08-02 14:15:44.271998,98.87,5
3,2025-08-03 14:15:44.271998,128.46,6
3,2025-08-04 14:15:44.271998,432.92,0
3,2025-08-05 14:15:44.271998,414.33,1
3,2025-08-06 14:15:44.271998,397.0,2
3,2025-08-07 14:15:44.271998,521.52,3
3,2025-08-08 14:15:44.271998,407.45,4
3,2025-08-09 14:15:44.271998,124.67,5
3,2025-08-10 14:15:44.271998,148.44,6
3,2025-08-11 14:15:44.271998,441.99,0
3,2025-08-12 14:15:44.271998,421.44,1
3,2025-08-13 14:15:44.271998,346.64,2
3,2025-08-14 14:15:44.271998,417.7,3
3,2025-08-15 14:15:44.271998,488.0,4
3,2025-08-16 14:15:44.271998,123.32,5
3,2025-08-17 14:15:44.271998,133.89,6
3,2025-08-18 14:15:44.271998,343.98,0
3,2025-08-19 14:15:44.271998,377.67,1
3,2025-08-20 14:15:44.271998,456.81,2
3,2025-08-21 14:15:44.271998,340.32,3
3,2025-08-22 14:15:44.271998,504.85,4
3,2025-08-23 14:15:44.271998,120.84,5
3,2025-08-24 14:15:44.271998,136.84,6
3,2025-08-25 14:15:44.271998,345.98,0
3,2025-08-26 14:15:44.271998,423.67,1
3,2025-08-27 14:15:44.271998,405.83,2
3,2025-08-28 14:15:44.271998,485.07,3
3,2025-08-29 14:15:44.271998,482.72,4
3,2025-08-30 14:15:44.271998,102.17,5
3,2025-08-31 14:15:44.271998,116.62,6
3,2025-09-01 14:15:44.271998,438.5,0
3,2025-09-02 14:15:44.271998,481.07,1
3,2025-09-03 14:15:44.271998,521.3,2
3,2025-09-04 14:15:44.271998,403.64,3
3,2025-09-05 14:15:44.271998,392.91,4
3,2025-09-06 14:15:44.271998,119.78,5
3,2025-09-07 14:15:44.271998,139.84,6
3,2025-09-08 14:15:44.271998,463.44,0
3,2025-09-09 14:15:44.271998,439.36,1
3,2025-09-10 14:15:44.271998,453.7,2
3,2025-09-11 14:15:44.271998,470.15,3
3,2025-09-12 14:15:44.271998,408.3,4
3,2025-09-13 14:15:44.271998,140.05,5
3,2025-09-14 14:15:44.271998,123.03,6
3,2025-09-15 14:15:44.271998,438.1,0
3,2025-09-16 14:15:44.271998,443.8,1
3,2025-09-17 14:15:44.271998,420.7,2
3,2025-09-18 14:15:44.271998,433.75,3
3,2025-09-19 14:15:44.271998,497.79,4
3,2025-09-20 14:15:44.271998,118.86,5
3,2025-09-21 14:15:44.271998,125.5,6
3,2025-09-22 14:15:44.271998,502.98,0
3,2025-09-23 14:15:44.271998,430.93,1
3,2025-09-24 14:15:44.271998,455.85,2
3,2025-09-25 14:15:44.271998,447.82,3
3,2025-09-26 14:15:44.271998,446.3,4
3,2025-09-27 14:15:44.271998,132.96,5
3,2025-09-28 14:15:44.271998,120.7,6
3,2025-09-29 14:15:44.271998,478.73,0
3,2025-09-30 14:15:44.271998,441.26,1
3,2025-10-01 14:15:44.271998,430.83,2
3,2025-10-02 14:15:44.271998,435.86,3
3,2025-10-03 14:15:44.271998,424.83,4
3,2025-10-04 14:15:44.271998,120.27,5
3,2025-10-05 14:15:44.271998,129.9,6
3,2025-10-06 14:15:44.271998,433.81,0
3,2025-10-07 14:15:44.271998,440.22,1
3,2025-10-08 14:15:44.271998,485.66,2
3,2025-10-09 14:15:44.271998,464.75,3
3,2025-10-10 14:15:44.271998,440.63,4
3,2025-10-11 14:15:44.271998,123.44,5
3,2025-10-12 14:15:44.271998,133.98,6
3,2025-10-13 14:15:44.271998,431.04,0
3,2025-10-14 14:15:44.271998,407.57,1
3,2025-10-15 14:15:44.271998,418.69,2
3,2025-10-16 14:15:44.271998,481.86,3
3,2025-10-17 14:15:44.271998,470.5,4
3,2025-10-18 14:15:44.271998,131.94,5
3,2025-10-19 14:15:44.271998,157.57,6
3,2025-10-20 14:15:44.271998,408.4,0
3,2025-10-21 14:15:44.271998,453.67,1
3,2025-10-22 14:15:44.271998,365.44,2
3,2025-10-23 14:15:44.271998,449.31,3
3,2025-10-24 14:15:44.271998,454.63,4
3,2025-10-25 14:15:44.271998,139.64,5
3,2025-10-26 14:15:44.271998,153.3,6
3,2025-10-27 14:15:44.271998,413.12,0
3,2025-10-28 14:15:44.271998,453.13,1
3,2025-10-29 14:15:44.271998,387.2,2
3,2025-10-30 14:15:44.271998,483.74,3
3,2025-10-31 14:15:44.271998,480.91,4
3,2025-11-01 14:15:44.271998,127.46,5
3,2025-11-02 14:15:44.271998,123.23,6
3,2025-11-03 14:15:44.271998,465.17,0
3,2025-11-04 14:15:44.271998,443.3,1
3,2025-11-05 14:15:44.271998,368.11,2
3,2025-11-06 14:15:44.271998,460.57,3
3,2025-11-07 14:15:44.271998,418.18,4
3,2025-11-08 14:15:44.271998,143.85,5
3,2025-11-09 14:15:44.271998,138.91,6
3,2025-11-10 14:15:44.271998,459.31,0
3,2025-11-11 14:15:44.271998,420.43,1
3,2025-11-12 14:15:44.271998,483.2,2
3,2025-11-13 14:15:44.271998,392.11,3
3,2025-11-14 14:15:44.271998,390.3,4
3,2025-11-15 14:15:44.271998,120.17,5
3,2025-11-16 14:15:44.271998,130.08,6
3,2025-11-17 14:15:44.271998,437.2,0
3,2025-11-18 14:15:44.271998,489.09,1
3,2025-11-19 14:15:44.271998,444.15,2
3,2025-11-20 14:15:44.271998,506.07,3
3,2025-11-21 14:15:44.271998,440.59,4
3,2025-11-22 14:15:44.271998,116.29,5
3,2025-11-23 14:15:44.271998,141.18,6
3,2025-11-24 14:15:44.271998,420.28,0
3,2025-11-25 14:15:44.271998,454.47,1
3,2025-11-26 14:15:44.271998,333.44,2
3,2025-11-27 14:15:44.271998,448.24,3
3,2025-11-28 14:15:44.271998,452.37,4
3,2025-11-29 14:15:44.271998,114.76,5
3,2025-11-30 14:15:44.271998,137.5,6
3,2025-12-01 14:15:44.271998,389.08,0
3,2025-12-02 14:15:44.271998,392.94,1
3,2025-12-03 14:15:44.271998,385.26,2
3,2025-12-04 14:15:44.271998,427.8,3
3,2025-12-05 14:15:44.271998,355.76,4
3,2025-12-06 14:15:44.271998,119.74,5
3,2025-12-07 14:15:44.271998,128.32,6
3,2025-12-08 14:15:44.271998,437.34,0
3,2025-12-09 14:15:44.271998,419.92,1
3,2025-12-10 14:15:44.271998,403.45,2
3,2025-12-11 14:15:44.271998,407.63,3
3,2025-12-12 14:15:44.271998,436.58,4
3,2025-12-13 14:15:44.271998,128.41,5
3,2025-12-14 14:15:44.271998,116.19,6
3,2025-12-15 14:15:44.271998,302.36,0
3,2025-12-16 14:15:44.271998,431.9,1
3,2025-12-17 14:15:44.271998,336.0,2
3,2025-12-18 14:15:44.271998,445.34,3
3,2025-12-19 14:15:44.271998,443.13,4
3,2025-12-20 14:15:44.271998,114.6,5
3,2025-12-21 14:15:44.271998,128.25,6
3,2025-12-22 14:15:44.271998,385.16,0
3,2025-12-23 14:15:44.271998,436.79,1
3,2025-12-24 14:15:44.271998,383.93,2
3,2025-12-25 14:15:44.271998,391.93,3
3,2025-12-26 14:15:44.271998,427.23,4
3,2025-12-27 14:15:44.271998,101.67,5
3,2025-12-28 14:15:44.271998,107.42,6
3,2025-12-29 14:15:44.271998,407.79,0
3,2025-12-30 14:15:44.271998,412.58,1
3,2025-12-31 14:15:44.271998,325.08,2
3,2026-01-01 14:15:44.271998,339.99,3
3,2026-01-02 14:15:44.271998,388.67,4
3,2026-01-03 14:15:44.271998,116.49,5
3,2026-01-04 14:15:44.271998,110.78,6
3,2026-01-05 14:15:44.271998,424.28,0
3,2026-01-06 14:15:44.271998,380.14,1
3,2026-01-07 14:15:44.271998,384.8,2
3,2026-01-08 14:15:44.271998,366.98,3
3,2026-01-09 14:15:44.271998,425.38,4
3,2026-01-10 14:15:44.271998,97.66,5
3,2026-01-11 14:15:44.271998,116.15,6
3,2026-01-12 14:15:44.271998,336.12,0
3,2026-01-13 14:15:44.271998,350.52,1
3,2026-01-14 14:15:44.271998,386.6,2
3,2026-01-15 14:15:44.271998,414.94,3
3,2026-01-16 14:15:44.271998,319.82,4
3,2026-01-17 14:15:44.271998,118.65,5
3,2026-01-18 14:15:44.271998,106.91,6
3,2026-01-19 14:15:44.271998,351.27,0
3,2026-01-20 14:15:44.271998,479.34,1
3,2026-01-21 14:15:44.271998,361.24,2
3,2026-01-22 14:15:44.271998,380.78,3
3,2026-01-23 14:15:44.271998,378.67,4
3,2026-01-24 14:15:44.271998,95.08,5
3,2026-01-25 14:15:44.271998,110.85,6
3,2026-01-26 14:15:44.271998,323.03,0
3,2026-01-27 14:15:44.271998,396.31,1
3,2026-01-28 14:15:44.271998,280.23,2
3,2026-01-29 14:15:44.271998,327.95,3
3,2026-01-30 14:15:44.271998,339.36,4
3,2026-01-31 14:15:44.271998,106.66,5
3,2026-02-01 14:15:44.271998,98.22,6
3,2026-02-02 14:15:44.271998,291.05,0
3,2026-02-03 14:15:44.271998,311.09,1
3,2026-02-04 14:15:44.271998,364.45,2
3,2026-02-05 14:15:44.271998,339.94,3
3,2026-02-06 14:15:44.271998,355.45,4
3,2026-02-07 14:15:44.271998,118.37,5
3,2026-02-08 14:15:44.271998,99.12,6
3,2026-02-09 14:15:44.271998,267.73,0
3,2026-02-10 14:15:44.271998,372.42,1
3,2026-02-11 14:15:44.271998,351.5,2
3,2026-02-12 14:15:44.271998,385.7,3
3,2026-02-13 14:15:44.271998,336.7,4
3,2026-02-14 14:15:44.271998,102.5,5
3,2026-02-15 14:15:44.271998,94.01,6
3,2026-02-16 14:15:44.271998,326.64,0
3,2026-02-17 14:15:44.271998,333.69,1
3,2026-02-18 14:15:44.271998,346.67,2
3,2026-02-19 14:15:44.271998,337.34,3
3,2026-02-20 14:15:44.271998,295.79,4
3,2026-02-21 14:15:44.271998,94.02,5
3,2026-02-22 14:15:44.271998,89.22,6
3,2026-02-23 14:15:44.271998,333.3,0
3,2026-02-24 14:15:44.271998,302.57,1
3,2026-02-25 14:15:44.271998,336.3,2
3,2026-02-26 14:15:44.271998,329.2,3
3,2026-02-27 14:15:44.271998,319.3,4
3,2026-02-28 14:15:44.271998,90.05,5
3,2026-03-01 14:15:44.271998,102.93,6
3,2026-03-02 14:15:44.271998,302.35,0
3,2026-03-03 14:15:44.271998,280.91,1
3,2026-03-04 14:15:44.271998,382.56,2
3,2026-03-05 14:15:44.271998,327.32,3
3,2026-03-06 14:15:44.271998,296.94,4
3,2026-03-07 14:15:44.271998,84.77,5
3,2026-03-08 14:15:44.271998,85.76,6
3,2026-03-09 14:15:44.271998,327.71,0
3,2026-03-10 14:15:44.271998,288.99,1
3,2026-03-11 14:15:44.271998,348.55,2
3,2026-03-12 14:15:44.271998,270.62,3
3,2026-03-13 14:15:44.271998,287.36,4
3,2026-03-14 14:15:44.271998,91.9,5
3,2026-03-15 14:15:44.271998,101.98,6
3,2026-03-16 14:15:44.271998,274.59,0
3,2026-03-17 14:15:44.271998,237.14,1
3,2026-03-18 14:15:44.271998,319.85,2
3,2026-03-19 14:15:44.271998,334.96,3
3,2026-03-20 14:15:44.271998,299.88,4
3,2026-03-21 14:15:44.271998,95.24,5
3,2026-03-22 14:15:44.271998,107.3,6
3,2026-03-23 14:15:44.271998,315.98,0
3,2026-03-24 14:15:44.271998,308.57,1
3,2026-03-25 14:15:44.271998,324.2,2
3,2026-03-26 14:15:44.271998,306.49,3
3,2026-03-27 14:15:44.271998,291.47,4
3,2026-03-28 14:15:44.271998,98.73,5
3,2026-03-29 14:15:44.271998,108.62,6
3,2026-03-30 14:15:44.271998,318.9,0
3,2026-03-31 14:15:44.271998,320.73,1
3,2026-04-01 14:15:44.271998,292.86,2
3,2026-04-02 14:15:44.271998,330.41,3
3,2026-04-03 14:15:44.271998,278.97,4
3,2026-04-04 14:15:44.271998,82.69,5
3,2026-04-05 14:15:44.271998,91.53,6
3,2026-04-06 14:15:44.271998,280.26,0
3,2026-04-07 14:15:44.271998,315.86,1
3,2026-04-08 14:15:44.271998,262.88,2
3,2026-04-09 14:15:44.271998,270.16,3
3,2026-04-10 14:15:44.271998,359.37,4
3,2026-04-11 14:15:44.271998,78.27,5
3,2026-04-12 14:15:44.271998,89.71,6
3,2026-04-13 14:15:44.271998,279.06,0
3,2026-04-14 14:15:44.271998,285.66,1
3,2026-04-15 14:15:44.271998,274.84,2
3,2026-04-16 14:15:44.271998,274.98,3
3,2026-04-17 14:15:44.271998,316.23,4
3,2026-04-18 14:15:44.271998,93.49,5
3,2026-04-19 14:15:44.271998,95.66,6
3,2026-04-20 14:15:44.271998,328.32,0
3,2026-04-21 14:15:44.271998,288.58,1
3,2026-04-22 14:15:44.271998,317.12,2
3,2026-04-23 14:15:44.271998,288.59,3
3,2026-04-24 14:15:44.271998,315.64,4
3,2026-04-25 14:15:44.271998,92.65,5
3,2026-04-26 14:15:44.271998,98.17,6
3,2026-04-27 14:15:44.271998,313.77,0
3,2026-04-28 14:15:44.271998,323.3,1
3,2026-04-29 14:15:44.271998,348.49,2
3,2026-04-30 14:15:44.271998,315.09,3
3,2026-05-01 14:15:44.271998,352.76,4
3,2026-05-02 14:15:44.271998,86.35,5
3,2026-05-03 14:15:44.271998,84.61,6
3,2026-05-04 14:15:44.271998,246.58,0
3,2026-05-05 14:15:44.271998,361.8,1
3,2026-05-06 14:15:44.271998,301.58,2
3,2026-05-07 14:15:44.271998,318.86,3
3,2026-05-08 14:15:44.271998,305.46,4
3,2026-05-09 14:15:44.271998,76.0,5
3,2026-05-10 14:15:44.271998,95.89,6
3,2026-05-11 14:15:44.271998,319.39,0
3,2026-05-12 14:15:44.271998,275.03,1
3,2026-05-13 14:15:44.271998,316.15,2
3,2026-05-14 14:15:44.271998,291.01,3
3,2026-05-15 14:15:44.271998,332.27,4
3,2026-05-16 14:15:44.271998,96.41,5
3,2026-05-17 14:15:44.271998,109.22,6
3,2026-05-18 14:15:44.271998,311.19,0
3,2026-05-19 14:15:44.271998,284.7,1
3,2026-05-20 14:15:44.271998,263.34,2
3,2026-05-21 14:15:44.271998,318.29,3
3,2026-05-22 14:15:44.271998,336.17,4
3,2026-05-23 14:15:44.271998,96.5,5
3,2026-05-24 14:15:44.271998,94.3,6
3,2026-05-25 14:15:44.271998,274.71,0
3,2026-05-26 14:15:44.271998,274.43,1
3,2026-05-27 14:15:44.271998,290.64,2
3,2026-05-28 14:15:44.271998,326.27,3
3,2026-05-29 14:15:44.271998,324.49,4
3,2026-05-30 14:15:44.271998,101.71,5
3,2026-05-31 14:15:44.271998,98.07,6
3,2026-06-01 14:15:44.271998,380.59,0
3,2026-06-02 14:15:44.271998,334.65,1
3,2026-06-03 14:15:44.271998,421.84,2
3,2026-06-04 14:15:44.271998,330.39,3
3,2026-06-05 14:15:44.271998,355.42,4
3,2026-06-06 14:15:44.271998,96.92,5
3,2026-06-07 14:15:44.271998,100.33,6
3,2026-06-08 14:15:44.271998,309.2,0
3,2026-06-09 14:15:44.271998,347.14,1
3,2026-06-10 14:15:44.271998,341.49,2
3,2026-06-11 14:15:44.271998,380.81,3
3,2026-06-12 14:15:44.271998,385.45,4
3,2026-06-13 14:15:44.271998,108.07,5
3,2026-06-14 14:15:44.271998,95.87,6
3,2026-06-15 14:15:44.271998,313.09,0
3,2026-06-16 14:15:44.271998,319.14,1
3,2026-06-17 14:15:44.271998,409.9,2
3,2026-06-18 14:15:44.271998,369.68,3
3,2026-06-19 14:15:44.271998,368.46,4
3,2026-06-20 14:15:44.271998,108.26,5
3,2026-06-21 14:15:44.271998,85.89,6
3,2026-06-22 14:15:44.271998,321.97,0
3,2026-06-23 14:15:44.271998,387.3,1
3,2026-06-24 14:15:44.271998,354.52,2
3,2026-06-25 14:15:44.271998,367.26,3
3,2026-06-26 14:15:44.271998,312.03,4
3,2026-06-27 14:15:44.271998,87.7,5
3,2026-06-28 14:15:44.271998,109.67,6
3,2026-06-29 14:15:44.271998,314.53,0
3,2026-06-30 14:15:44.271998,395.34,1
3,2026-07-01 14:15:44.271998,315.49,2
3,2026-07-02 14:15:44.271998,377.95,3
3,2026-07-03 14:15:44.271998,370.75,4
3,2026-07-04 14:15:44.271998,84.08,5
3,2026-07-05 14:15:44.271998,116.09,6
3,2026-07-06 14:15:44.271998,362.17,0
3,2026-07-07 14:15:44.271998,361.86,1
4,2025-07-08 14:15:44.275039,240.43,1
4,2025-07-09 14:15:44.275039,283.63,2
4,2025-07-10 14:15:44.275039,250.41,3
4,2025-07-11 14:15:44.275039,315.66,4
4,2025-07-12 14:15:44.275039,78.72,5
4,2025-07-13 14:15:44.275039,84.28,6
4,2025-07-14 14:15:44.275039,311.98,0
4,2025-07-15 14:15:44.275039,298.19,1
4,2025-07-16 14:15:44.275039,242.1,2
4,2025-07-17 14:15:44.275039,229.12,3
4,2025-07-18 14:15:44.275039,288.75,4
4,2025-07-19 14:15:44.275039,89.14,5
4,2025-07-20 14:15:44.275039,85.79,6
4,2025-07-21 14:15:44.275039,269.18,0
4,2025-07-22 14:15:44.275039,279.54,1
4,2025-07-23 14:15:44.275039,312.3,2
4,2025-07-24 14:15:44.275039,307.97,3
4,2025-07-25 14:15:44.275039,327.38,4
4,2025-07-26 14:15:44.275039,81.93,5
4,2025-07-27 14:15:44.275039,88.8,6
4,2025-07-28 14:15:44.275039,273.29,0
4,2025-07-29 14:15:44.275039,282.23,1
4,2025-07-30 14:15:44.275039,316.27,2
4,2025-07-31 14:15:44.275039,346.7,3
4,2025-08-01 14:15:44.275039,320.57,4
4,2025-08-02 14:15:44.275039,82.75,5
4,2025-08-03 14:15:44.275039,87.29,6
4,2025-08-04 14:15:44.275039,333.11,0
4,2025-08-05 14:15:44.275039,313.02,1
4,2025-08-06 14:15:44.275039,239.84,2
4,2025-08-07 14:15:44.275039,288.96,3
4,2025-08-08 14:15:44.275039,267.71,4
4,2025-08-09 14:15:44.275039,99.68,5
4,2025-08-10 14:15:44.275039,96.86,6
4,2025-08-11 14:15:44.275039,297.13,0
4,2025-08-12 14:15:44.275039,325.28,1
4,2025-08-13 14:15:44.275039,276.61,2
4,2025-08-14 14:15:44.275039,346.92,3
4,2025-08-15 14:15:44.275039,295.25,4
4,2025-08-16 14:15:44.275039,81.5,5
4,2025-08-17 14:15:44.275039,107.7,6
4,2025-08-18 14:15:44.275039,298.34,0
4,2025-08-19 14:15:44.275039,354.28,1
4,2025-08-20 14:15:44.275039,341.43,2
4,2025-08-21 14:15:44.275039,306.34,3
4,2025-08-22 14:15:44.275039,311.79,4
4,2025-08-23 14:15:44.275039,84.98,5
4,2025-08-24 14:15:44.275039,98.06,6
4,2025-08-25 14:15:44.275039,304.27,0
4,2025-08-26 14:15:44.275039,334.83,1
4,2025-08-27 14:15:44.275039,300.44,2
4,2025-08-28 14:15:44.275039,341.07,3
4,2025-08-29 14:15:44.275039,295.71,4
4,2025-08-30 14:15:44.275039,83.47,5
4,2025-08-31 14:15:44.275039,103.75,6
4,2025-09-01 14:15:44.275039,302.96,0
4,2025-09-02 14:15:44.275039,392.42,1
4,2025-09-03 14:15:44.275039,336.43,2
4,2025-09-04 14:15:44.275039,315.05,3
4,2025-09-05 14:15:44.275039,356.03,4
4,2025-09-06 14:15:44.275039,99.06,5
4,2025-09-07 14:15:44.275039,94.94,6
4,2025-09-08 14:15:44.275039,336.86,0
4,2025-09-09 14:15:44.275039,297.9,1
4,2025-09-10 14:15:44.275039,290.66,2
4,2025-09-11 14:15:44.275039,314.01,3
4,2025-09-12 14:15:44.275039,335.98,4
4,2025-09-13 14:15:44.275039,92.94,5
4,2025-09-14 14:15:44.275039,99.58,6
4,2025-09-15 14:15:44.275039,348.51,0
4,2025-09-16 14:15:44.275039,281.14,1
4,2025-09-17 14:15:44.275039,368.64,2
4,2025-09-18 14:15:44.275039,401.94,3
4,2025-09-19 14:15:44.275039,281.53,4
4,2025-09-20 14:15:44.275039,95.13,5
4,2025-09-21 14:15:44.275039,105.36,6
4,2025-09-22 14:15:44.275039,298.71,0
4,2025-09-23 14:15:44.275039,369.88,1
4,2025-09-24 14:15:44.275039,360.99,2
4,2025-09-25 14:15:44.275039,378.99,3
4,2025-09-26 14:15:44.275039,311.35,4
4,2025-09-27 14:15:44.275039,90.75,5
4,2025-09-28 14:15:44.275039,91.51,6
4,2025-09-29 14:15:44.275039,264.14,0
4,2025-09-30 14:15:44.275039,359.25,1
4,2025-10-01 14:15:44.275039,339.59,2
4,2025-10-02 14:15:44.275039,307.09,3
4,2025-10-03 14:15:44.275039,370.81,4
4,2025-10-04 14:15:44.275039,93.78,5
4,2025-10-05 14:15:44.275039,94.67,6
4,2025-10-06 14:15:44.275039,321.22,0
4,2025-10-07 14:15:44.275039,323.65,1
4,2025-10-08 14:15:44.275039,374.62,2
4,2025-10-09 14:15:44.275039,368.96,3
4,2025-10-10 14:15:44.275039,333.97,4
4,2025-10-11 14:15:44.275039,107.05,5
4,2025-10-12 14:15:44.275039,84.16,6
4,2025-10-13 14:15:44.275039,270.78,0
4,2025-10-14 14:15:44.275039,332.5,1
4,2025-10-15 14:15:44.275039,307.06,2
4,2025-10-16 14:15:44.275039,340.35,3
4,2025-10-17 14:15:44.275039,356.93,4
4,2025-10-18 14:15:44.275039,99.28,5
4,2025-10-19 14:15:44.275039,79.6,6
4,2025-10-20 14:15:44.275039,315.37,0
4,2025-10-21 14:15:44.275039,303.59,1
4,2025-10-22 14:15:44.275039,364.19,2
4,2025-10-23 14:15:44.275039,370.66,3
4,2025-10-24 14:15:44.275039,289.38,4
4,2025-10-25 14:15:44.275039,99.23,5
4,2025-10-26 14:15:44.275039,110.28,6
4,2025-10-27 14:15:44.275039,422.11,0
4,2025-10-28 14:15:44.275039,344.53,1
4,2025-10-29 14:15:44.275039,328.0,2
4,2025-10-30 14:15:44.275039,312.44,3
4,2025-10-31 14:15:44.275039,365.93,4
4,2025-11-01 14:15:44.275039,107.04,5
4,2025-11-02 14:15:44.275039,107.92,6
4,2025-11-03 14:15:44.275039,279.13,0
4,2025-11-04 14:15:44.275039,281.57,1
4,2025-11-05 14:15:44.275039,359.83,2
4,2025-11-06 14:15:44.275039,314.29,3
4,2025-11-07 14:15:44.275039,283.98,4
4,2025-11-08 14:15:44.275039,78.26,5
4,2025-11-09 14:15:44.275039,107.62,6
4,2025-11-10 14:15:44.275039,402.5,0
4,2025-11-11 14:15:44.275039,336.16,1
4,2025-11-12 14:15:44.275039,351.49,2
4,2025-11-13 14:15:44.275039,233.74,3
4,2025-11-14 14:15:44.275039,363.91,4
4,2025-11-15 14:15:44.275039,99.44,5
4,2025-11-16 14:15:44.275039,91.04,6
4,2025-11-17 14:15:44.275039,335.6,0
4,2025-11-18 14:15:44.275039,306.36,1
4,2025-11-19 14:15:44.275039,254.18,2
4,2025-11-20 14:15:44.275039,320.74,3
4,2025-11-21 14:15:44.275039,333.82,4
4,2025-11-22 14:15:44.275039,111.13,5
4,2025-11-23 14:15:44.275039,107.55,6
4,2025-11-24 14:15:44.275039,386.42,0
4,2025-11-25 14:15:44.275039,286.85,1
4,2025-11-26 14:15:44.275039,373.12,2
4,2025-11-27 14:15:44.275039,289.4,3
4,2025-11-28 14:15:44.275039,278.98,4
4,2025-11-29 14:15:44.275039,93.82,5
4,2025-11-30 14:15:44.275039,88.47,6
4,2025-12-01 14:15:44.275039,319.96,0
4,2025-12-02 14:15:44.275039,329.2,1
4,2025-12-03 14:15:44.275039,328.12,2
4,2025-12-04 14:15:44.275039,327.02,3
4,2025-12-05 14:15:44.275039,292.91,4
4,2025-12-06 14:15:44.275039,92.42,5
4,2025-12-07 14:15:44.275039,91.58,6
4,2025-12-08 14:15:44.275039,396.89,0
4,2025-12-09 14:15:44.275039,243.04,1
4,2025-12-10 14:15:44.275039,235.74,2
4,2025-12-11 14:15:44.275039,253.4,3
4,2025-12-12 14:15:44.275039,311.6,4
4,2025-12-13 14:15:44.275039,86.89,5
4,2025-12-14 14:15:44.275039,112.07,6
4,2025-12-15 14:15:44.275039,353.89,0
4,2025-12-16 14:15:44.275039,325.88,1
4,2025-12-17 14:15:44.275039,326.68,2
4,2025-12-18 14:15:44.275039,307.96,3
4,2025-12-19 14:15:44.275039,270.31,4
4,2025-12-20 14:15:44.275039,86.52,5
4,2025-12-21 14:15:44.275039,75.16,6
4,2025-12-22 14:15:44.275039,274.42,0
4,2025-12-23 14:15:44.275039,264.64,1
4,2025-12-24 14:15:44.275039,344.38,2
4,2025-12-25 14:15:44.275039,285.42,3
4,2025-12-26 14:15:44.275039,306.56,4
4,2025-12-27 14:15:44.275039,81.95,5
4,2025-12-28 14:15:44.275039,87.61,6
4,2025-12-29 14:15:44.275039,259.67,0
4,2025-12-30 14:15:44.275039,322.95,1
4,2025-12-31 14:15:44.275039,331.07,2
4,2026-01-01 14:15:44.275039,267.71,3
4,2026-01-02 14:15:44.275039,259.17,4
4,2026-01-03 14:15:44.276038,85.03,5
4,2026-01-04 14:15:44.276038,89.76,6
4,2026-01-05 14:15:44.276038,290.97,0
4,2026-01-06 14:15:44.276038,309.51,1
4,2026-01-07 14:15:44.276038,247.06,2
4,2026-01-08 14:15:44.276038,277.45,3
4,2026-01-09 14:15:44.276038,323.09,4
4,2026-01-10 14:15:44.276038,81.04,5
4,2026-01-11 14:15:44.276038,80.3,6
4,2026-01-12 14:15:44.276038,273.58,0
4,2026-01-13 14:15:44.276038,315.69,1
4,2026-01-14 14:15:44.276038,299.98,2
4,2026-01-15 14:15:44.276038,272.41,3
4,2026-01-16 14:15:44.276038,282.93,4
4,2026-01-17 14:15:44.276038,87.99,5
4,2026-01-18 14:15:44.276038,85.05,6
4,2026-01-19 14:15:44.276038,275.45,0
4,2026-01-20 14:15:44.276038,325.32,1
4,2026-01-21 14:15:44.276038,294.4,2
4,2026-01-22 14:15:44.276038,248.12,3
4,2026-01-23 14:15:44.276038,257.88,4
4,2026-01-24 14:15:44.276038,71.34,5
4,2026-01-25 14:15:44.276038,73.19,6
4,2026-01-26 14:15:44.276038,236.4,0
4,2026-01-27 14:15:44.276038,310.79,1
4,2026-01-28 14:15:44.276038,271.0,2
4,2026-01-29 14:15:44.276038,281.06,3
4,2026-01-30 14:15:44.276038,273.69,4
4,2026-01-31 14:15:44.276038,83.83,5
4,2026-02-01 14:15:44.276038,76.97,6
4,2026-02-02 14:15:44.276038,218.25,0
4,2026-02-03 14:15:44.276038,280.13,1
4,2026-02-04 14:15:44.276038,252.53,2
4,2026-02-05 14:15:44.276038,280.32,3
4,2026-02-06 14:15:44.276038,251.2,4
4,2026-02-07 14:15:44.276038,64.25,5
4,2026-02-08 14:15:44.276038,65.17,6
4,2026-02-09 14:15:44.276038,288.73,0
4,2026-02-10 14:15:44.276038,226.28,1
4,2026-02-11 14:15:44.276038,259.73,2
4,2026-02-12 14:15:44.276038,270.32,3
4,2026-02-13 14:15:44.276038,254.23,4
4,2026-02-14 14:15:44.276038,79.71,5
4,2026-02-15 14:15:44.276038,66.49,6
4,2026-02-16 14:15:44.276038,210.85,0
4,2026-02-17 14:15:44.276038,247.39,1
4,2026-02-18 14:15:44.276038,231.6,2
4,2026-02-19 14:15:44.276038,272.71,3
4,2026-02-20 14:15:44.276038,231.98,4
4,2026-02-21 14:15:44.276038,78.68,5
4,2026-02-22 14:15:44.276038,66.21,6
4,2026-02-23 14:15:44.276038,264.62,0
4,2026-02-24 14:15:44.276038,238.03,1
4,2026-02-25 14:15:44.276038,254.6,2
4,2026-02-26 14:15:44.276038,241.65,3
4,2026-02-27 14:15:44.276038,245.4,4
4,2026-02-28 14:15:44.276038,77.5,5
4,2026-03-01 14:15:44.276038,69.15,6
4,2026-03-02 14:15:44.276038,223.42,0
4,2026-03-03 14:15:44.276038,243.81,1
4,2026-03-04 14:15:44.276038,256.38,2
4,2026-03-05 14:15:44.276038,215.48,3
4,2026-03-06 14:15:44.276038,257.74,4
4,2026-03-07 14:15:44.276038,72.18,5
4,2026-03-08 14:15:44.276038,71.95,6
4,2026-03-09 14:15:44.276038,228.1,0
4,2026-03-10 14:15:44.276038,205.05,1
4,2026-03-11 14:15:44.276038,233.13,2
4,2026-03-12 14:15:44.276038,224.35,3
4,2026-03-13 14:15:44.276038,240.74,4
4,2026-03-14 14:15:44.276038,82.6,5
4,2026-03-15 14:15:44.276038,76.34,6
4,2026-03-16 14:15:44.276038,210.33,0
4,2026-03-17 14:15:44.276038,262.47,1
4,2026-03-18 14:15:44.276038,233.32,2
4,2026-03-19 14:15:44.276038,207.75,3
4,2026-03-20 14:15:44.276038,222.08,4
4,2026-03-21 14:15:44.276038,58.59,5
4,2026-03-22 14:15:44.276038,77.58,6
4,2026-03-23 14:15:44.276038,215.61,0
4,2026-03-24 14:15:44.276038,215.08,1
4,2026-03-25 14:15:44.276038,236.46,2
4,2026-03-26 14:15:44.276038,245.13,3
4,2026-03-27 14:15:44.276038,211.18,4
4,2026-03-28 14:15:44.276038,62.48,5
4,2026-03-29 14:15:44.276038,66.63,6
4,2026-03-30 14:15:44.276038,227.94,0
4,2026-03-31 14:15:44.276038,276.64,1
4,2026-04-01 14:15:44.276038,223.27,2
4,2026-04-02 14:15:44.276038,227.97,3
4,2026-04-03 14:15:44.276038,237.38,4
4,2026-04-04 14:15:44.276038,75.25,5
4,2026-04-05 14:15:44.276038,60.67,6
4,2026-04-06 14:15:44.276038,207.16,0
4,2026-04-07 14:15:44.276038,238.44,1
4,2026-04-08 14:15:44.276038,241.18,2
4,2026-04-09 14:15:44.276038,207.09,3
4,2026-04-10 14:15:44.276038,237.59,4
4,2026-04-11 14:15:44.276038,71.75,5
4,2026-04-12 14:15:44.276038,67.9,6
4,2026-04-13 14:15:44.276038,240.24,0
4,2026-04-14 14:15:44.276038,222.9,1
4,2026-04-15 14:15:44.276038,217.33,2
4,2026-04-16 14:15:44.276038,262.35,3
4,2026-04-17 14:15:44.276038,228.93,4
4,2026-04-18 14:15:44.276038,78.14,5
4,2026-04-19 14:15:44.276038,69.35,6
4,2026-04-20 14:15:44.276038,243.91,0
4,2026-04-21 14:15:44.276038,242.24,1
4,2026-04-22 14:15:44.276038,234.93,2
4,2026-04-23 14:15:44.276038,221.09,3
4,2026-04-24 14:15:44.276038,257.99,4
4,2026-04-25 14:15:44.276038,61.27,5
4,2026-04-26 14:15:44.276038,68.5,6
4,2026-04-27 14:15:44.276038,199.55,0
4,2026-04-28 14:15:44.276038,237.97,1
4,2026-04-29 14:15:44.276038,234.45,2
4,2026-04-30 14:15:44.276038,242.7,3
4,2026-05-01 14:15:44.276038,223.25,4
4,2026-05-02 14:15:44.276038,57.15,5
4,2026-05-03 14:15:44.276038,73.22,6
4,2026-05-04 14:15:44.276038,225.95,0
4,2026-05-05 14:15:44.276038,253.23,1
4,2026-05-06 14:15:44.276038,209.07,2
4,2026-05-07 14:15:44.276038,248.63,3
4,2026-05-08 14:15:44.276038,236.5,4
4,2026-05-09 14:15:44.276038,61.81,5
4,2026-05-10 14:15:44.276038,69.93,6
4,2026-05-11 14:15:44.276038,266.66,0
4,2026-05-12 14:15:44.276038,224.31,1
4,2026-05-13 14:15:44.276038,250.04,2
4,2026-05-14 14:15:44.276038,215.41,3
4,2026-05-15 14:15:44.276038,257.19,4
4,2026-05-16 14:15:44.276038,76.66,5
4,2026-05-17 14:15:44.276038,74.18,6
4,2026-05-18 14:15:44.276038,255.34,0
4,2026-05-19 14:15:44.276038,248.11,1
4,2026-05-20 14:15:44.276038,225.91,2
4,2026-05-21 14:15:44.276038,194.09,3
4,2026-05-22 14:15:44.276038,266.27,4
4,2026-05-23 14:15:44.276038,58.72,5
4,2026-05-24 14:15:44.276038,66.71,6
4,2026-05-25 14:15:44.276038,232.66,0
4,2026-05-26 14:15:44.276038,246.01,1
4,2026-05-27 14:15:44.276038,250.17,2
4,2026-05-28 14:15:44.276038,239.31,3
4,2026-05-29 14:15:44.276038,266.27,4
4,2026-05-30 14:15:44.276038,71.84,5
4,2026-05-31 14:15:44.276038,74.48,6
4,2026-06-01 14:15:44.276038,268.48,0
4,2026-06-02 14:15:44.276038,220.41,1
4,2026-06-03 14:15:44.276038,249.68,2
4,2026-06-04 14:15:44.276038,233.08,3
4,2026-06-05 14:15:44.276038,222.65,4
4,2026-06-06 14:15:44.276038,74.44,5
4,2026-06-07 14:15:44.276038,77.69,6
4,2026-06-08 14:15:44.276038,214.64,0
4,2026-06-09 14:15:44.276038,282.17,1
4,2026-06-10 14:15:44.276038,297.81,2
4,2026-06-11 14:15:44.276038,213.5,3
4,2026-06-12 14:15:44.276038,300.56,4
4,2026-06-13 14:15:44.276038,74.81,5
4,2026-06-14 14:15:44.276038,73.38,6
4,2026-06-15 14:15:44.276038,251.55,0
4,2026-06-16 14:15:44.276038,220.76,1
4,2026-06-17 14:15:44.276038,236.68,2
4,2026-06-18 14:15:44.276038,231.56,3
4,2026-06-19 14:15:44.276038,269.5,4
4,2026-06-20 14:15:44.276038,85.47,5
4,2026-06-21 14:15:44.276038,86.07,6
4,2026-06-22 14:15:44.276038,280.29,0
4,2026-06-23 14:15:44.276038,273.25,1
4,2026-06-24 14:15:44.276038,275.43,2
4,2026-06-25 14:15:44.276038,245.98,3
4,2026-06-26 14:15:44.276038,260.48,4
4,2026-06-27 14:15:44.276038,80.18,5
4,2026-06-28 14:15:44.276038,80.06,6
4,2026-06-29 14:15:44.276038,333.02,0
4,2026-06-30 14:15:44.276038,257.74,1
4,2026-07-01 14:15:44.276038,333.88,2
4,2026-07-02 14:15:44.276038,283.36,3
4,2026-07-03 14:15:44.276038,282.89,4
4,2026-07-04 14:15:44.276038,82.03,5
4,2026-07-05 14:15:44.276038,103.4,6
4,2026-07-06 14:15:44.276038,243.65,0
4,2026-07-07 14:15:44.276038,293.15,1
5,2025-07-08 14:15:44.279173,316.12,1
5,2025-07-09 14:15:44.279173,347.94,2
5,2025-07-10 14:15:44.279173,364.47,3
5,2025-07-11 14:15:44.279173,335.81,4
5,2025-07-12 14:15:44.279173,103.26,5
5,2025-07-13 14:15:44.279173,106.87,6
5,2025-07-14 14:15:44.279173,340.48,0
5,2025-07-15 14:15:44.279173,315.48,1
5,2025-07-16 14:15:44.279173,329.64,2
5,2025-07-17 14:15:44.279173,287.95,3
5,2025-07-18 14:15:44.279173,327.14,4
5,2025-07-19 14:15:44.279173,80.43,5
5,2025-07-20 14:15:44.279173,91.86,6
5,2025-07-21 14:15:44.279173,375.48,0
5,2025-07-22 14:15:44.279173,284.67,1
5,2025-07-23 14:15:44.279173,284.32,2
5,2025-07-24 14:15:44.279173,370.85,3
5,2025-07-25 14:15:44.279173,413.59,4
5,2025-07-26 14:15:44.279173,100.58,5
5,2025-07-27 14:15:44.279173,88.21,6
5,2025-07-28 14:15:44.279173,294.9,0
5,2025-07-29 14:15:44.279173,309.46,1
5,2025-07-30 14:15:44.279173,349.95,2
5,2025-07-31 14:15:44.279173,394.51,3
5,2025-08-01 14:15:44.279173,319.56,4
5,2025-08-02 14:15:44.279173,84.48,5
5,2025-08-03 14:15:44.279173,85.22,6
5,2025-08-04 14:15:44.279173,305.35,0
5,2025-08-05 14:15:44.279173,361.89,1
5,2025-08-06 14:15:44.279173,372.48,2
5,2025-08-07 14:15:44.279173,377.56,3
5,2025-08-08 14:15:44.279173,343.55,4
5,2025-08-09 14:15:44.279173,91.86,5
5,2025-08-10 14:15:44.279173,109.03,6
5,2025-08-11 14:15:44.279173,292.76,0
5,2025-08-12 14:15:44.279173,329.26,1
5,2025-08-13 14:15:44.279173,333.86,2
5,2025-08-14 14:15:44.279173,364.26,3
5,2025-08-15 14:15:44.279173,307.13,4
5,2025-08-16 14:15:44.279173,132.92,5
5,2025-08-17 14:15:44.279173,138.79,6
5,2025-08-18 14:15:44.279173,434.59,0
5,2025-08-19 14:15:44.279173,324.83,1
5,2025-08-20 14:15:44.279173,324.67,2
5,2025-08-21 14:15:44.279173,283.24,3
5,2025-08-22 14:15:44.279173,403.65,4
5,2025-08-23 14:15:44.279173,110.73,5
5,2025-08-24 14:15:44.279173,133.3,6
5,2025-08-25 14:15:44.279173,317.38,0
5,2025-08-26 14:15:44.279173,333.59,1
5,2025-08-27 14:15:44.279173,405.41,2
5,2025-08-28 14:15:44.279173,302.12,3
5,2025-08-29 14:15:44.279173,361.02,4
5,2025-08-30 14:15:44.279173,131.25,5
5,2025-08-31 14:15:44.279173,122.18,6
5,2025-09-01 14:15:44.279173,326.36,0
5,2025-09-02 14:15:44.279173,387.83,1
5,2025-09-03 14:15:44.279173,357.36,2
5,2025-09-04 14:15:44.279173,394.23,3
5,2025-09-05 14:15:44.279173,415.1,4
5,2025-09-06 14:15:44.279173,112.79,5
5,2025-09-07 14:15:44.279173,96.03,6
5,2025-09-08 14:15:44.279173,327.2,0
5,2025-09-09 14:15:44.279173,319.35,1
5,2025-09-10 14:15:44.279173,436.37,2
5,2025-09-11 14:15:44.279173,419.08,3
5,2025-09-12 14:15:44.279173,326.55,4
5,2025-09-13 14:15:44.279173,118.98,5
5,2025-09-14 14:15:44.279173,95.9,6
5,2025-09-15 14:15:44.279173,359.76,0
5,2025-09-16 14:15:44.279173,358.45,1
5,2025-09-17 14:15:44.279173,423.46,2
5,2025-09-18 14:15:44.279173,390.3,3
5,2025-09-19 14:15:44.279173,405.58,4
5,2025-09-20 14:15:44.279173,113.94,5
5,2025-09-21 14:15:44.279173,120.19,6
5,2025-09-22 14:15:44.279173,311.03,0
5,2025-09-23 14:15:44.279173,346.23,1
5,2025-09-24 14:15:44.279173,397.84,2
5,2025-09-25 14:15:44.279173,432.28,3
5,2025-09-26 14:15:44.279173,359.77,4
5,2025-09-27 14:15:44.279173,127.43,5
5,2025-09-28 14:15:44.279173,108.06,6
5,2025-09-29 14:15:44.279173,392.91,0
5,2025-09-30 14:15:44.279173,335.99,1
5,2025-10-01 14:15:44.279173,408.96,2
5,2025-10-02 14:15:44.279173,356.5,3
5,2025-10-03 14:15:44.279173,429.06,4
5,2025-10-04 14:15:44.279173,112.73,5
5,2025-10-05 14:15:44.279173,103.31,6
5,2025-10-06 14:15:44.279173,348.74,0
5,2025-10-07 14:15:44.279173,342.48,1
5,2025-10-08 14:15:44.279173,392.89,2
5,2025-10-09 14:15:44.279173,380.61,3
5,2025-10-10 14:15:44.279173,409.55,4
5,2025-10-11 14:15:44.279173,123.8,5
5,2025-10-12 14:15:44.279173,120.98,6
5,2025-10-13 14:15:44.279173,482.36,0
5,2025-10-14 14:15:44.279173,400.55,1
5,2025-10-15 14:15:44.279173,403.95,2
5,2025-10-16 14:15:44.279173,415.19,3
5,2025-10-17 14:15:44.279173,368.85,4
5,2025-10-18 14:15:44.279173,121.01,5
5,2025-10-19 14:15:44.279173,120.92,6
5,2025-10-20 14:15:44.279173,323.34,0
5,2025-10-21 14:15:44.279173,404.89,1
5,2025-10-22 14:15:44.279173,409.1,2
5,2025-10-23 14:15:44.279173,401.81,3
5,2025-10-24 14:15:44.279173,456.36,4
5,2025-10-25 14:15:44.279173,93.64,5
5,2025-10-26 14:15:44.279173,112.26,6
5,2025-10-27 14:15:44.279173,424.98,0
5,2025-10-28 14:15:44.279173,360.29,1
5,2025-10-29 14:15:44.279173,345.28,2
5,2025-10-30 14:15:44.279173,348.39,3
5,2025-10-31 14:15:44.279173,346.33,4
5,2025-11-01 14:15:44.279173,132.54,5
5,2025-11-02 14:15:44.279173,116.79,6
5,2025-11-03 14:15:44.279173,370.29,0
5,2025-11-04 14:15:44.279173,270.48,1
5,2025-11-05 14:15:44.279173,372.93,2
5,2025-11-06 14:15:44.279173,370.84,3
5,2025-11-07 14:15:44.279173,396.0,4
5,2025-11-08 14:15:44.279173,122.54,5
5,2025-11-09 14:15:44.279173,105.25,6
5,2025-11-10 14:15:44.279173,423.54,0
5,2025-11-11 14:15:44.279173,418.01,1
5,2025-11-12 14:15:44.279173,342.23,2
5,2025-11-13 14:15:44.279173,349.37,3
5,2025-11-14 14:15:44.279173,379.48,4
5,2025-11-15 14:15:44.279173,103.47,5
5,2025-11-16 14:15:44.279173,106.8,6
5,2025-11-17 14:15:44.279173,414.36,0
5,2025-11-18 14:15:44.279173,321.92,1
5,2025-11-19 14:15:44.279173,345.04,2
5,2025-11-20 14:15:44.279173,379.72,3
5,2025-11-21 14:15:44.279173,331.52,4
5,2025-11-22 14:15:44.279173,109.56,5
5,2025-11-23 14:15:44.279173,112.39,6
5,2025-11-24 14:15:44.279173,387.55,0
5,2025-11-25 14:15:44.279173,426.95,1
5,2025-11-26 14:15:44.279173,329.17,2
5,2025-11-27 14:15:44.279173,337.23,3
5,2025-11-28 14:15:44.279173,342.83,4
5,2025-11-29 14:15:44.279173,105.38,5
5,2025-11-30 14:15:44.279173,104.61,6
5,2025-12-01 14:15:44.279173,340.79,0
5,2025-12-02 14:15:44.279173,341.83,1
5,2025-12-03 14:15:44.279173,369.73,2
5,2025-12-04 14:15:44.279173,390.93,3
5,2025-12-05 14:15:44.279173,280.95,4
5,2025-12-06 14:15:44.279173,120.57,5
5,2025-12-07 14:15:44.279173,94.99,6
5,2025-12-08 14:15:44.280182,374.02,0
5,2025-12-09 14:15:44.280182,403.16,1
5,2025-12-10 14:15:44.280182,316.16,2
5,2025-12-11 14:15:44.280182,294.08,3
5,2025-12-12 14:15:44.280182,305.37,4
5,2025-12-13 14:15:44.280182,121.32,5
5,2025-12-14 14:15:44.280182,84.75,6
5,2025-12-15 14:15:44.280182,306.99,0
5,2025-12-16 14:15:44.280182,347.91,1
5,2025-12-17 14:15:44.280182,290.67,2
5,2025-12-18 14:15:44.280182,370.34,3
5,2025-12-19 14:15:44.280182,412.85,4
5,2025-12-20 14:15:44.280182,97.09,5
5,2025-12-21 14:15:44.280182,114.57,6
5,2025-12-22 14:15:44.280182,358.19,0
5,2025-12-23 14:15:44.280182,379.26,1
5,2025-12-24 14:15:44.280182,332.66,2
5,2025-12-25 14:15:44.280182,360.35,3
5,2025-12-26 14:15:44.280182,319.93,4
5,2025-12-27 14:15:44.280182,97.68,5
5,2025-12-28 14:15:44.280182,90.36,6
5,2025-12-29 14:15:44.280182,290.96,0
5,2025-12-30 14:15:44.280182,254.69,1
5,2025-12-31 14:15:44.280182,287.33,2
5,2026-01-01 14:15:44.280182,356.25,3
5,2026-01-02 14:15:44.280182,355.62,4
5,2026-01-03 14:15:44.280182,85.69,5
5,2026-01-04 14:15:44.280182,93.13,6
5,2026-01-05 14:15:44.280182,307.73,0
5,2026-01-06 14:15:44.280182,298.19,1
5,2026-01-07 14:15:44.280182,379.11,2
5,2026-01-08 14:15:44.280182,334.65,3
5,2026-01-09 14:15:44.280182,345.89,4
5,2026-01-10 14:15:44.280182,110.06,5
5,2026-01-11 14:15:44.280182,83.52,6
5,2026-01-12 14:15:44.280182,305.81,0
5,2026-01-13 14:15:44.280182,350.99,1
5,2026-01-14 14:15:44.280182,285.12,2
5,2026-01-15 14:15:44.280182,316.08,3
5,2026-01-16 14:15:44.280182,305.69,4
5,2026-01-17 14:15:44.280182,96.63,5
5,2026-01-18 14:15:44.280182,90.28,6
5,2026-01-19 14:15:44.280182,280.82,0
5,2026-01-20 14:15:44.280182,321.97,1
5,2026-01-21 14:15:44.280182,315.46,2
5,2026-01-22 14:15:44.280182,310.66,3
5,2026-01-23 14:15:44.280182,287.38,4
5,2026-01-24 14:15:44.280182,90.75,5
5,2026-01-25 14:15:44.280182,92.95,6
5,2026-01-26 14:15:44.280182,240.29,0
5,2026-01-27 14:15:44.280182,297.18,1
5,2026-01-28 14:15:44.280182,324.36,2
5,2026-01-29 14:15:44.280182,344.05,3
5,2026-01-30 14:15:44.280182,349.03,4
5,2026-01-31 14:15:44.280182,80.02,5
5,2026-02-01 14:15:44.280182,89.77,6
5,2026-02-02 14:15:44.280182,315.27,0
5,2026-02-03 14:15:44.280182,255.48,1
5,2026-02-04 14:15:44.280182,281.66,2
5,2026-02-05 14:15:44.280182,256.07,3
5,2026-02-06 14:15:44.280182,290.41,4
5,2026-02-07 14:15:44.280182,77.85,5
5,2026-02-08 14:15:44.280182,78.88,6
5,2026-02-09 14:15:44.280182,276.62,0
5,2026-02-10 14:15:44.280182,246.53,1
5,2026-02-11 14:15:44.280182,282.72,2
5,2026-02-12 14:15:44.280182,277.47,3
5,2026-02-13 14:15:44.280182,264.7,4
5,2026-02-14 14:15:44.280182,78.4,5
5,2026-02-15 14:15:44.280182,90.19,6
5,2026-02-16 14:15:44.280182,312.92,0
5,2026-02-17 14:15:44.280182,236.75,1
5,2026-02-18 14:15:44.280182,279.91,2
5,2026-02-19 14:15:44.280182,235.98,3
5,2026-02-20 14:15:44.280182,184.0,4
5,2026-02-21 14:15:44.280182,89.17,5
5,2026-02-22 14:15:44.280182,72.7,6
5,2026-02-23 14:15:44.280182,275.92,0
5,2026-02-24 14:15:44.280182,209.16,1
5,2026-02-25 14:15:44.280182,300.76,2
5,2026-02-26 14:15:44.280182,272.15,3
5,2026-02-27 14:15:44.280182,265.76,4
5,2026-02-28 14:15:44.280182,83.31,5
5,2026-03-01 14:15:44.280182,76.05,6
5,2026-03-02 14:15:44.280182,298.01,0
5,2026-03-03 14:15:44.280182,210.42,1
5,2026-03-04 14:15:44.280182,278.55,2
5,2026-03-05 14:15:44.280182,257.06,3
5,2026-03-06 14:15:44.280182,279.89,4
5,2026-03-07 14:15:44.280182,92.12,5
5,2026-03-08 14:15:44.280182,79.35,6
5,2026-03-09 14:15:44.280182,277.17,0
5,2026-03-10 14:15:44.280182,267.63,1
5,2026-03-11 14:15:44.280182,233.07,2
5,2026-03-12 14:15:44.280182,311.63,3
5,2026-03-13 14:15:44.280182,275.89,4
5,2026-03-14 14:15:44.280182,100.59,5
5,2026-03-15 14:15:44.280182,86.26,6
5,2026-03-16 14:15:44.280182,299.51,0
5,2026-03-17 14:15:44.280182,225.57,1
5,2026-03-18 14:15:44.280182,252.76,2
5,2026-03-19 14:15:44.280182,262.29,3
5,2026-03-20 14:15:44.280182,287.48,4
5,2026-03-21 14:15:44.280182,83.93,5
5,2026-03-22 14:15:44.280182,87.58,6
5,2026-03-23 14:15:44.280182,264.38,0
5,2026-03-24 14:15:44.280182,271.46,1
5,2026-03-25 14:15:44.280182,242.58,2
5,2026-03-26 14:15:44.280182,259.38,3
5,2026-03-27 14:15:44.280182,284.96,4
5,2026-03-28 14:15:44.280182,62.04,5
5,2026-03-29 14:15:44.280182,56.95,6
5,2026-03-30 14:15:44.280182,236.69,0
5,2026-03-31 14:15:44.280182,280.3,1
5,2026-04-01 14:15:44.280182,232.22,2
5,2026-04-02 14:15:44.280182,234.81,3
5,2026-04-03 14:15:44.280182,245.69,4
5,2026-04-04 14:15:44.280182,72.46,5
5,2026-04-05 14:15:44.280182,70.28,6
5,2026-04-06 14:15:44.280182,242.11,0
5,2026-04-07 14:15:44.280182,221.81,1
5,2026-04-08 14:15:44.280182,255.99,2
5,2026-04-09 14:15:44.280182,299.05,3
5,2026-04-10 14:15:44.280182,252.85,4
5,2026-04-11 14:15:44.280182,81.86,5
5,2026-04-12 14:15:44.280182,80.47,6
5,2026-04-13 14:15:44.280182,201.06,0
5,2026-04-14 14:15:44.280182,249.54,1
5,2026-04-15 14:15:44.280182,237.15,2
5,2026-04-16 14:15:44.280182,245.83,3
5,2026-04-17 14:15:44.280182,271.26,4
5,2026-04-18 14:15:44.280182,88.78,5
5,2026-04-19 14:15:44.280182,76.5,6
5,2026-04-20 14:15:44.280182,247.64,0
5,2026-04-21 14:15:44.280182,263.56,1
5,2026-04-22 14:15:44.280182,316.19,2
5,2026-04-23 14:15:44.280182,297.68,3
5,2026-04-24 14:15:44.280182,244.22,4
5,2026-04-25 14:15:44.280182,74.87,5
5,2026-04-26 14:15:44.280182,80.6,6
5,2026-04-27 14:15:44.280182,246.8,0
5,2026-04-28 14:15:44.280182,218.35,1
5,2026-04-29 14:15:44.280182,258.34,2
5,2026-04-30 14:15:44.280182,212.33,3
5,2026-05-01 14:15:44.280182,270.72,4
5,2026-05-02 14:15:44.280182,94.37,5
5,2026-05-03 14:15:44.280182,85.3,6
5,2026-05-04 14:15:44.280182,239.39,0
5,2026-05-05 14:15:44.280182,278.18,1
5,2026-05-06 14:15:44.280182,309.9,2
5,2026-05-07 14:15:44.280182,282.6,3
5,2026-05-08 14:15:44.280182,330.81,4
5,2026-05-09 14:15:44.280182,74.99,5
5,2026-05-10 14:15:44.280182,80.69,6
5,2026-05-11 14:15:44.280182,279.54,0
5,2026-05-12 14:15:44.280182,241.06,1
5,2026-05-13 14:15:44.280182,261.74,2
5,2026-05-14 14:15:44.280182,273.84,3
5,2026-05-15 14:15:44.280182,258.35,4
5,2026-05-16 14:15:44.280182,68.53,5
5,2026-05-17 14:15:44.280182,67.89,6
5,2026-05-18 14:15:44.280182,288.88,0
5,2026-05-19 14:15:44.280182,318.06,1
5,2026-05-20 14:15:44.280182,325.93,2
5,2026-05-21 14:15:44.280182,252.25,3
5,2026-05-22 14:15:44.280182,238.62,4
5,2026-05-23 14:15:44.280182,80.42,5
5,2026-05-24 14:15:44.280182,95.43,6
5,2026-05-25 14:15:44.280182,237.72,0
5,2026-05-26 14:15:44.280182,304.3,1
5,2026-05-27 14:15:44.280182,299.2,2
5,2026-05-28 14:15:44.280182,256.52,3
5,2026-05-29 14:15:44.280182,259.56,4
5,2026-05-30 14:15:44.280182,77.24,5
5,2026-05-31 14:15:44.280182,89.5,6
5,2026-06-01 14:15:44.280182,280.67,0
5,2026-06-02 14:15:44.280182,205.16,1
5,2026-06-03 14:15:44.280182,336.66,2
5,2026-06-04 14:15:44.280182,243.94,3
5,2026-06-05 14:15:44.280182,274.81,4
5,2026-06-06 14:15:44.280182,81.66,5
5,2026-06-07 14:15:44.280182,90.83,6
5,2026-06-08 14:15:44.280182,291.82,0
5,2026-06-09 14:15:44.280182,281.61,1
5,2026-06-10 14:15:44.280182,226.53,2
5,2026-06-11 14:15:44.280182,316.22,3
5,2026-06-12 14:15:44.280182,297.21,4
5,2026-06-13 14:15:44.280182,85.25,5
5,2026-06-14 14:15:44.280182,76.93,6
5,2026-06-15 14:15:44.280182,315.04,0
5,2026-06-16 14:15:44.280182,297.02,1
5,2026-06-17 14:15:44.280182,263.86,2
5,2026-06-18 14:15:44.280182,304.17,3
5,2026-06-19 14:15:44.280182,286.15,4
5,2026-06-20 14:15:44.280182,87.81,5
5,2026-06-21 14:15:44.280182,90.34,6
5,2026-06-22 14:15:44.280182,319.74,0
5,2026-06-23 14:15:44.280182,282.21,1
5,2026-06-24 14:15:44.280182,312.58,2
5,2026-06-25 14:15:44.280182,302.88,3
5,2026-06-26 14:15:44.280182,302.86,4
5,2026-06-27 14:15:44.280182,99.38,5
5,2026-06-28 14:15:44.280182,67.34,6
5,2026-06-29 14:15:44.280182,276.56,0
5,2026-06-30 14:15:44.280182,303.08,1
5,2026-07-01 14:15:44.280182,300.63,2
5,2026-07-02 14:15:44.280182,336.03,3
5,2026-07-03 14:15:44.280182,282.18,4
5,2026-07-04 14:15:44.280182,97.01,5
5,2026-07-05 14:15:44.280182,111.01,6
5,2026-07-06 14:15:44.280182,401.94,0
5,2026-07-07 14:15:44.280182,339.65,1
